/home/alex/SelfDriving/CarND-Behavioral-Cloning-P3/data/recovery/IMG/center_2017_02_12_16_56_01_599.jpg,,,0,0,0,19.83895
/home/alex/SelfDriving/CarND-Behavioral-Cloning-P3/data/recovery/IMG/center_2017_02_12_16_56_01_667.jpg,,,0,0,0,19.68835
/home/alex/SelfDriving/CarND-Behavioral-Cloning-P3/data/recovery/IMG/center_2017_02_12_16_56_01_736.jpg,,,0,0,0,19.16994
/home/alex/SelfDriving/CarND-Behavioral-Cloning-P3/data/recovery/IMG/center_2017_02_12_16_56_01_804.jpg,,,0,0,0,19.46726
/home/alex/SelfDriving/CarND-Behavioral-Cloning-P3/data/recovery/IMG/center_2017_02_12_16_56_01_871.jpg,,,0,0,0,19.32042
/home/alex/SelfDriving/CarND-Behavioral-Cloning-P3/data/recovery/IMG/center_2017_02_12_16_56_01_940.jpg,,,0,0,0,18.75093
/home/alex/SelfDriving/CarND-Behavioral-Cloning-P3/data/recovery/IMG/center_2017_02_12_16_56_02_010.jpg,,,0,0,0,18.58967
/home/alex/SelfDriving/CarND-Behavioral-Cloning-P3/data/recovery/IMG/center_2017_02_12_16_56_02_087.jpg,,,0,0,0,18.95071
/home/alex/SelfDriving/CarND-Behavioral-Cloning-P3/data/recovery/IMG/center_2017_02_12_16_56_53_103.jpg,,,-1,0,0,0.001460679
/home/alex/SelfDriving/CarND-Behavioral-Cloning-P3/data/recovery/IMG/center_2017_02_12_16_56_53_170.jpg,,,-1,0,0,0.001459507
/home/alex/SelfDriving/CarND-Behavioral-Cloning-P3/data/recovery/IMG/center_2017_02_12_16_56_53_237.jpg,,,-1,0,0,0.001815747
/home/alex/SelfDriving/CarND-Behavioral-Cloning-P3/data/recovery/IMG/center_2017_02_12_16_56_53_306.jpg,,,-1,0,0,0.002203756
/home/alex/SelfDriving/CarND-Behavioral-Cloning-P3/data/recovery/IMG/center_2017_02_12_16_56_53_375.jpg,,,-1,0,0,0.006013311
/home/alex/SelfDriving/CarND-Behavioral-Cloning-P3/data/recovery/IMG/center_2017_02_12_16_56_53_443.jpg,,,-1,0,0,0.001796364
/home/alex/SelfDriving/CarND-Behavioral-Cloning-P3/data/recovery/IMG/center_2017_02_12_16_56_53_511.jpg,,,-0.990566,0,0,0.002068603
/home/alex/SelfDriving/CarND-Behavioral-Cloning-P3/data/recovery/IMG/center_2017_02_12_16_56_53_580.jpg,,,-0.9811321,0,0,0.002127344
/home/alex/SelfDriving/CarND-Behavioral-Cloning-P3/data/recovery/IMG/center_2017_02_12_16_56_53_648.jpg,,,-0.9811321,0,0,0.001761434
/home/alex/SelfDriving/CarND-Behavioral-Cloning-P3/data/recovery/IMG/center_2017_02_12_16_56_53_718.jpg,,,-0.9811321,0,0,0.00142312
/home/alex/SelfDriving/CarND-Behavioral-Cloning-P3/data/recovery/IMG/center_2017_02_12_16_56_53_787.jpg,,,-0.9811321,0,0,0.001343151
/home/alex/SelfDriving/CarND-Behavioral-Cloning-P3/data/recovery/IMG/center_2017_02_12_16_56_53_855.jpg,,,-0.971698,0,0,0.001347695
/home/alex/SelfDriving/CarND-Behavioral-Cloning-P3/data/recovery/IMG/center_2017_02_12_16_56_53_924.jpg,,,-0.971698,0,0,0.001368784
/home/alex/SelfDriving/CarND-Behavioral-Cloning-P3/data/recovery/IMG/center_2017_02_12_16_56_53_992.jpg,,,-0.971698,0,0,0.00135873
/home/alex/SelfDriving/CarND-Behavioral-Cloning-P3/data/recovery/IMG/center_2017_02_12_16_56_54_060.jpg,,,-0.971698,0,0,0.001396612
/home/alex/SelfDriving/CarND-Behavioral-Cloning-P3/data/recovery/IMG/center_2017_02_12_16_56_54_128.jpg,,,-0.971698,0,0,0.001368623
/home/alex/SelfDriving/CarND-Behavioral-Cloning-P3/data/recovery/IMG/center_2017_02_12_16_56_54_195.jpg,,,-0.971698,0,0,0.001386175
/home/alex/SelfDriving/CarND-Behavioral-Cloning-P3/data/recovery/IMG/center_2017_02_12_16_56_54_262.jpg,,,-0.971698,0,0,0.001438815
/home/alex/SelfDriving/CarND-Behavioral-Cloning-P3/data/recovery/IMG/center_2017_02_12_16_56_54_331.jpg,,,-0.971698,0,0,0.001418454
/home/alex/SelfDriving/CarND-Behavioral-Cloning-P3/data/recovery/IMG/center_2017_02_12_16_56_54_398.jpg,,,-0.971698,0,0,0.001408304
/home/alex/SelfDriving/CarND-Behavioral-Cloning-P3/data/recovery/IMG/center_2017_02_12_16_56_54_465.jpg,,,-0.971698,0,0,0.001404518
/home/alex/SelfDriving/CarND-Behavioral-Cloning-P3/data/recovery/IMG/center_2017_02_12_16_56_54_533.jpg,,,-0.971698,0,0,0.001455379
/home/alex/SelfDriving/CarND-Behavioral-Cloning-P3/data/recovery/IMG/center_2017_02_12_16_56_54_602.jpg,,,-0.9622642,0,0,0.001426929
/home/alex/SelfDriving/CarND-Behavioral-Cloning-P3/data/recovery/IMG/center_2017_02_12_16_56_54_671.jpg,,,-0.9622642,0,0,0.001423146
/home/alex/SelfDriving/CarND-Behavioral-Cloning-P3/data/recovery/IMG/center_2017_02_12_16_56_54_741.jpg,,,-0.9622642,0,0,0.001477476
/home/alex/SelfDriving/CarND-Behavioral-Cloning-P3/data/recovery/IMG/center_2017_02_12_16_56_54_808.jpg,,,-0.9622642,0,0,0.001419605
/home/alex/SelfDriving/CarND-Behavioral-Cloning-P3/data/recovery/IMG/center_2017_02_12_16_56_54_875.jpg,,,-0.9622642,0,0,0.005357657
/home/alex/SelfDriving/CarND-Behavioral-Cloning-P3/data/recovery/IMG/center_2017_02_12_16_56_54_944.jpg,,,-0.9622642,0,0,0.002305584
/home/alex/SelfDriving/CarND-Behavioral-Cloning-P3/data/recovery/IMG/center_2017_02_12_16_56_55_011.jpg,,,-0.9622642,0,0,0.001622941
/home/alex/SelfDriving/CarND-Behavioral-Cloning-P3/data/recovery/IMG/center_2017_02_12_16_56_55_078.jpg,,,-0.9622642,0,0,0.001771269
/home/alex/SelfDriving/CarND-Behavioral-Cloning-P3/data/recovery/IMG/center_2017_02_12_16_56_55_147.jpg,,,-0.9622642,0,0,0.001571662
/home/alex/SelfDriving/CarND-Behavioral-Cloning-P3/data/recovery/IMG/center_2017_02_12_16_56_55_216.jpg,,,-0.9622642,0,0,0.001393746
/home/alex/SelfDriving/CarND-Behavioral-Cloning-P3/data/recovery/IMG/center_2017_02_12_16_56_55_283.jpg,,,-0.9528302,0,0,0.001335756
/home/alex/SelfDriving/CarND-Behavioral-Cloning-P3/data/recovery/IMG/center_2017_02_12_16_56_55_350.jpg,,,-0.9528302,0,0,0.001368379
/home/alex/SelfDriving/CarND-Behavioral-Cloning-P3/data/recovery/IMG/center_2017_02_12_16_56_55_417.jpg,,,-0.9528302,0,0,0.001346376
/home/alex/SelfDriving/CarND-Behavioral-Cloning-P3/data/recovery/IMG/center_2017_02_12_16_56_55_484.jpg,,,-0.9528302,0,0,0.001394781
/home/alex/SelfDriving/CarND-Behavioral-Cloning-P3/data/recovery/IMG/center_2017_02_12_16_56_55_552.jpg,,,-0.9528302,0,0,0.001425384
/home/alex/SelfDriving/CarND-Behavioral-Cloning-P3/data/recovery/IMG/center_2017_02_12_16_56_55_621.jpg,,,-0.9433962,0,0,0.001402206
/home/alex/SelfDriving/CarND-Behavioral-Cloning-P3/data/recovery/IMG/center_2017_02_12_16_56_55_689.jpg,,,-0.9433962,0,0,0.001445061
/home/alex/SelfDriving/CarND-Behavioral-Cloning-P3/data/recovery/IMG/center_2017_02_12_16_56_55_758.jpg,,,-0.9433962,0.1292396,0,0.1103447
/home/alex/SelfDriving/CarND-Behavioral-Cloning-P3/data/recovery/IMG/center_2017_02_12_16_56_55_828.jpg,,,-0.9433962,0.3090534,0,0.2815042
/home/alex/SelfDriving/CarND-Behavioral-Cloning-P3/data/recovery/IMG/center_2017_02_12_16_56_55_897.jpg,,,-0.9339622,0.5466506,0,0.7607749
/home/alex/SelfDriving/CarND-Behavioral-Cloning-P3/data/recovery/IMG/center_2017_02_12_16_56_55_965.jpg,,,-0.9339622,0.7282255,0,1.204908
/home/alex/SelfDriving/CarND-Behavioral-Cloning-P3/data/recovery/IMG/center_2017_02_12_16_56_56_032.jpg,,,-0.9339622,0.9097824,0,1.856388
/home/alex/SelfDriving/CarND-Behavioral-Cloning-P3/data/recovery/IMG/center_2017_02_12_16_56_56_101.jpg,,,-0.9339622,1,0,2.835715
/home/alex/SelfDriving/CarND-Behavioral-Cloning-P3/data/recovery/IMG/center_2017_02_12_16_56_56_180.jpg,,,-0.9339622,1,0,3.76128
/home/alex/SelfDriving/CarND-Behavioral-Cloning-P3/data/recovery/IMG/center_2017_02_12_16_56_56_247.jpg,,,-0.9339622,1,0,4.445471
/home/alex/SelfDriving/CarND-Behavioral-Cloning-P3/data/recovery/IMG/center_2017_02_12_16_56_56_316.jpg,,,-0.9245283,1,0,5.355244
/home/alex/SelfDriving/CarND-Behavioral-Cloning-P3/data/recovery/IMG/center_2017_02_12_16_56_56_384.jpg,,,-0.9245283,1,0,6.033682
/home/alex/SelfDriving/CarND-Behavioral-Cloning-P3/data/recovery/IMG/center_2017_02_12_16_56_56_451.jpg,,,-0.9245283,1,0,6.70843
/home/alex/SelfDriving/CarND-Behavioral-Cloning-P3/data/recovery/IMG/center_2017_02_12_16_56_56_527.jpg,,,-0.9245283,1,0,7.601566
/home/alex/SelfDriving/CarND-Behavioral-Cloning-P3/data/recovery/IMG/center_2017_02_12_16_57_15_304.jpg,,,-0.8207547,0,0,6.28749E-05
/home/alex/SelfDriving/CarND-Behavioral-Cloning-P3/data/recovery/IMG/center_2017_02_12_16_57_15_372.jpg,,,-0.8207547,0,0,5.528192E-05
/home/alex/SelfDriving/CarND-Behavioral-Cloning-P3/data/recovery/IMG/center_2017_02_12_16_57_15_441.jpg,,,-0.8207547,0,0,5.682315E-05
/home/alex/SelfDriving/CarND-Behavioral-Cloning-P3/data/recovery/IMG/center_2017_02_12_16_57_15_508.jpg,,,-0.8207547,0,0,5.658863E-05
/home/alex/SelfDriving/CarND-Behavioral-Cloning-P3/data/recovery/IMG/center_2017_02_12_16_57_15_576.jpg,,,-0.8207547,0,0,5.558455E-05
/home/alex/SelfDriving/CarND-Behavioral-Cloning-P3/data/recovery/IMG/center_2017_02_12_16_57_15_643.jpg,,,-0.8113208,0,0,5.517164E-05
/home/alex/SelfDriving/CarND-Behavioral-Cloning-P3/data/recovery/IMG/center_2017_02_12_16_57_15_711.jpg,,,-0.7924529,0,0,6.010113E-05
/home/alex/SelfDriving/CarND-Behavioral-Cloning-P3/data/recovery/IMG/center_2017_02_12_16_57_15_779.jpg,,,-0.7830189,0,0,5.548923E-05
/home/alex/SelfDriving/CarND-Behavioral-Cloning-P3/data/recovery/IMG/center_2017_02_12_16_57_15_847.jpg,,,-0.7735849,0,0,5.582032E-05
/home/alex/SelfDriving/CarND-Behavioral-Cloning-P3/data/recovery/IMG/center_2017_02_12_16_57_15_917.jpg,,,-0.7547171,0,0,5.975959E-05
/home/alex/SelfDriving/CarND-Behavioral-Cloning-P3/data/recovery/IMG/center_2017_02_12_16_57_15_984.jpg,,,-0.7547171,0,0,5.530193E-05
/home/alex/SelfDriving/CarND-Behavioral-Cloning-P3/data/recovery/IMG/center_2017_02_12_16_57_16_051.jpg,,,-0.7547171,0,0,6.223877E-05
/home/alex/SelfDriving/CarND-Behavioral-Cloning-P3/data/recovery/IMG/center_2017_02_12_16_57_16_121.jpg,,,-0.7547171,0,0,5.537662E-05
/home/alex/SelfDriving/CarND-Behavioral-Cloning-P3/data/recovery/IMG/center_2017_02_12_16_57_16_190.jpg,,,-0.7547171,0,0,5.624871E-05
/home/alex/SelfDriving/CarND-Behavioral-Cloning-P3/data/recovery/IMG/center_2017_02_12_16_57_16_258.jpg,,,-0.7547171,0,0,5.627724E-05
/home/alex/SelfDriving/CarND-Behavioral-Cloning-P3/data/recovery/IMG/center_2017_02_12_16_57_16_325.jpg,,,-0.7547171,0,0,5.642055E-05
/home/alex/SelfDriving/CarND-Behavioral-Cloning-P3/data/recovery/IMG/center_2017_02_12_16_57_16_392.jpg,,,-0.7452829,0,0,5.42157E-05
/home/alex/SelfDriving/CarND-Behavioral-Cloning-P3/data/recovery/IMG/center_2017_02_12_16_57_16_459.jpg,,,-0.7452829,0,0,5.570047E-05
/home/alex/SelfDriving/CarND-Behavioral-Cloning-P3/data/recovery/IMG/center_2017_02_12_16_57_16_528.jpg,,,-0.7358491,0,0,5.853636E-05
/home/alex/SelfDriving/CarND-Behavioral-Cloning-P3/data/recovery/IMG/center_2017_02_12_16_57_16_598.jpg,,,-0.7358491,0,0,6.132259E-05
/home/alex/SelfDriving/CarND-Behavioral-Cloning-P3/data/recovery/IMG/center_2017_02_12_16_57_16_666.jpg,,,-0.7358491,0,0,6.180804E-05
/home/alex/SelfDriving/CarND-Behavioral-Cloning-P3/data/recovery/IMG/center_2017_02_12_16_57_16_734.jpg,,,-0.7358491,0,0,6.02521E-05
/home/alex/SelfDriving/CarND-Behavioral-Cloning-P3/data/recovery/IMG/center_2017_02_12_16_57_16_801.jpg,,,-0.7358491,0,0,5.849387E-05
/home/alex/SelfDriving/CarND-Behavioral-Cloning-P3/data/recovery/IMG/center_2017_02_12_16_57_16_869.jpg,,,-0.7264151,0,0,5.463599E-05
/home/alex/SelfDriving/CarND-Behavioral-Cloning-P3/data/recovery/IMG/center_2017_02_12_16_57_16_938.jpg,,,-0.7264151,0,0,5.778577E-05
/home/alex/SelfDriving/CarND-Behavioral-Cloning-P3/data/recovery/IMG/center_2017_02_12_16_57_17_007.jpg,,,-0.7264151,0,0,5.551326E-05
/home/alex/SelfDriving/CarND-Behavioral-Cloning-P3/data/recovery/IMG/center_2017_02_12_16_57_17_077.jpg,,,-0.7264151,0,0,5.578499E-05
/home/alex/SelfDriving/CarND-Behavioral-Cloning-P3/data/recovery/IMG/center_2017_02_12_16_57_17_151.jpg,,,-0.7264151,0,0,5.671034E-05
/home/alex/SelfDriving/CarND-Behavioral-Cloning-P3/data/recovery/IMG/center_2017_02_12_16_57_17_218.jpg,,,-0.7264151,0,0,5.514973E-05
/home/alex/SelfDriving/CarND-Behavioral-Cloning-P3/data/recovery/IMG/center_2017_02_12_16_57_17_286.jpg,,,-0.7264151,0,0,5.624227E-05
/home/alex/SelfDriving/CarND-Behavioral-Cloning-P3/data/recovery/IMG/center_2017_02_12_16_57_17_353.jpg,,,-0.7264151,0,0,5.712589E-05
/home/alex/SelfDriving/CarND-Behavioral-Cloning-P3/data/recovery/IMG/center_2017_02_12_16_57_17_421.jpg,,,-0.7264151,0,0,5.700732E-05
/home/alex/SelfDriving/CarND-Behavioral-Cloning-P3/data/recovery/IMG/center_2017_02_12_16_57_17_490.jpg,,,-0.7264151,0,0,5.520618E-05
/home/alex/SelfDriving/CarND-Behavioral-Cloning-P3/data/recovery/IMG/center_2017_02_12_16_57_17_558.jpg,,,-0.7264151,0.1689477,0,0.07760327
/home/alex/SelfDriving/CarND-Behavioral-Cloning-P3/data/recovery/IMG/center_2017_02_12_16_57_17_625.jpg,,,-0.7264151,0.3415318,0,0.2605658
/home/alex/SelfDriving/CarND-Behavioral-Cloning-P3/data/recovery/IMG/center_2017_02_12_16_57_17_694.jpg,,,-0.7264151,0.5777371,0,0.7071624
/home/alex/SelfDriving/CarND-Behavioral-Cloning-P3/data/recovery/IMG/center_2017_02_12_16_57_17_761.jpg,,,-0.7264151,0.7604041,0,1.181627
/home/alex/SelfDriving/CarND-Behavioral-Cloning-P3/data/recovery/IMG/center_2017_02_12_16_57_17_828.jpg,,,-0.7264151,0.9378119,0,1.811272
/home/alex/SelfDriving/CarND-Behavioral-Cloning-P3/data/recovery/IMG/center_2017_02_12_16_57_17_896.jpg,,,-0.7264151,1,0,2.754725
/home/alex/SelfDriving/CarND-Behavioral-Cloning-P3/data/recovery/IMG/center_2017_02_12_16_57_17_963.jpg,,,-0.7264151,1,0,3.450134
/home/alex/SelfDriving/CarND-Behavioral-Cloning-P3/data/recovery/IMG/center_2017_02_12_16_57_18_030.jpg,,,-0.7264151,1,0,4.143078
/home/alex/SelfDriving/CarND-Behavioral-Cloning-P3/data/recovery/IMG/center_2017_02_12_16_57_18_098.jpg,,,-0.7264151,1,0,5.0599
/home/alex/SelfDriving/CarND-Behavioral-Cloning-P3/data/recovery/IMG/center_2017_02_12_16_57_18_167.jpg,,,-0.7264151,1,0,5.742917
/home/alex/SelfDriving/CarND-Behavioral-Cloning-P3/data/recovery/IMG/center_2017_02_12_16_57_18_237.jpg,,,-0.7169811,0.9081454,0,6.626185
/home/alex/SelfDriving/CarND-Behavioral-Cloning-P3/data/recovery/IMG/center_2017_02_12_16_57_18_309.jpg,,,-0.7169811,0.7204115,0,7.159354
/home/alex/SelfDriving/CarND-Behavioral-Cloning-P3/data/recovery/IMG/center_2017_02_12_16_57_36_355.jpg,,,-1,0,0,0.0001463968
/home/alex/SelfDriving/CarND-Behavioral-Cloning-P3/data/recovery/IMG/center_2017_02_12_16_57_36_424.jpg,,,-1,0,0,0.000146725
/home/alex/SelfDriving/CarND-Behavioral-Cloning-P3/data/recovery/IMG/center_2017_02_12_16_57_36_492.jpg,,,-1,0,0,0.0001464279
/home/alex/SelfDriving/CarND-Behavioral-Cloning-P3/data/recovery/IMG/center_2017_02_12_16_57_36_560.jpg,,,-1,0,0,0.0001458306
/home/alex/SelfDriving/CarND-Behavioral-Cloning-P3/data/recovery/IMG/center_2017_02_12_16_57_36_628.jpg,,,-1,0,0,0.000147768
/home/alex/SelfDriving/CarND-Behavioral-Cloning-P3/data/recovery/IMG/center_2017_02_12_16_57_36_696.jpg,,,-1,0,0,0.0001471785
/home/alex/SelfDriving/CarND-Behavioral-Cloning-P3/data/recovery/IMG/center_2017_02_12_16_57_36_765.jpg,,,-1,0,0,0.0001480785
/home/alex/SelfDriving/CarND-Behavioral-Cloning-P3/data/recovery/IMG/center_2017_02_12_16_57_36_832.jpg,,,-1,0,0,0.0001462064
/home/alex/SelfDriving/CarND-Behavioral-Cloning-P3/data/recovery/IMG/center_2017_02_12_16_57_36_901.jpg,,,-1,0,0,0.0001459207
/home/alex/SelfDriving/CarND-Behavioral-Cloning-P3/data/recovery/IMG/center_2017_02_12_16_57_36_968.jpg,,,-1,0,0,0.0001459487
/home/alex/SelfDriving/CarND-Behavioral-Cloning-P3/data/recovery/IMG/center_2017_02_12_16_57_37_037.jpg,,,-1,0,0,0.0001469499
/home/alex/SelfDriving/CarND-Behavioral-Cloning-P3/data/recovery/IMG/center_2017_02_12_16_57_37_105.jpg,,,-1,0,0,0.0001465873
/home/alex/SelfDriving/CarND-Behavioral-Cloning-P3/data/recovery/IMG/center_2017_02_12_16_57_37_172.jpg,,,-1,0,0,0.0001480215
/home/alex/SelfDriving/CarND-Behavioral-Cloning-P3/data/recovery/IMG/center_2017_02_12_16_57_37_240.jpg,,,-1,0,0,0.0001463295
/home/alex/SelfDriving/CarND-Behavioral-Cloning-P3/data/recovery/IMG/center_2017_02_12_16_57_37_308.jpg,,,-1,0,0,0.0001477301
/home/alex/SelfDriving/CarND-Behavioral-Cloning-P3/data/recovery/IMG/center_2017_02_12_16_57_37_377.jpg,,,-1,0,0,0.0001466022
/home/alex/SelfDriving/CarND-Behavioral-Cloning-P3/data/recovery/IMG/center_2017_02_12_16_57_37_446.jpg,,,-1,0,0,0.0001464363
/home/alex/SelfDriving/CarND-Behavioral-Cloning-P3/data/recovery/IMG/center_2017_02_12_16_57_37_513.jpg,,,-1,0,0,0.0001463448
/home/alex/SelfDriving/CarND-Behavioral-Cloning-P3/data/recovery/IMG/center_2017_02_12_16_57_37_580.jpg,,,-1,0,0,0.0001464202
/home/alex/SelfDriving/CarND-Behavioral-Cloning-P3/data/recovery/IMG/center_2017_02_12_16_57_37_648.jpg,,,-1,0,0,0.0001469281
/home/alex/SelfDriving/CarND-Behavioral-Cloning-P3/data/recovery/IMG/center_2017_02_12_16_57_37_717.jpg,,,-1,0,0,0.0001495095
/home/alex/SelfDriving/CarND-Behavioral-Cloning-P3/data/recovery/IMG/center_2017_02_12_16_57_37_785.jpg,,,-1,0,0,0.0001455201
/home/alex/SelfDriving/CarND-Behavioral-Cloning-P3/data/recovery/IMG/center_2017_02_12_16_57_37_852.jpg,,,-1,0,0,0.0001472224
/home/alex/SelfDriving/CarND-Behavioral-Cloning-P3/data/recovery/IMG/center_2017_02_12_16_57_37_920.jpg,,,-1,0,0,0.0001479595
/home/alex/SelfDriving/CarND-Behavioral-Cloning-P3/data/recovery/IMG/center_2017_02_12_16_57_37_987.jpg,,,-1,0,0,0.0001481569
/home/alex/SelfDriving/CarND-Behavioral-Cloning-P3/data/recovery/IMG/center_2017_02_12_16_57_38_055.jpg,,,-1,0,0,0.0001461294
/home/alex/SelfDriving/CarND-Behavioral-Cloning-P3/data/recovery/IMG/center_2017_02_12_16_57_38_124.jpg,,,-1,0,0,0.0001462515
/home/alex/SelfDriving/CarND-Behavioral-Cloning-P3/data/recovery/IMG/center_2017_02_12_16_57_38_191.jpg,,,-1,0,0,0.0001461743
/home/alex/SelfDriving/CarND-Behavioral-Cloning-P3/data/recovery/IMG/center_2017_02_12_16_57_38_258.jpg,,,-0.990566,0,0,0.0001462399
/home/alex/SelfDriving/CarND-Behavioral-Cloning-P3/data/recovery/IMG/center_2017_02_12_16_57_38_327.jpg,,,-0.9811321,0,0,0.0001462794
/home/alex/SelfDriving/CarND-Behavioral-Cloning-P3/data/recovery/IMG/center_2017_02_12_16_57_38_395.jpg,,,-0.9811321,0,0,0.0001460942
/home/alex/SelfDriving/CarND-Behavioral-Cloning-P3/data/recovery/IMG/center_2017_02_12_16_57_38_463.jpg,,,-0.9811321,0,0,0.0001469498
/home/alex/SelfDriving/CarND-Behavioral-Cloning-P3/data/recovery/IMG/center_2017_02_12_16_57_38_530.jpg,,,-0.9811321,0,0,0.0001476784
/home/alex/SelfDriving/CarND-Behavioral-Cloning-P3/data/recovery/IMG/center_2017_02_12_16_57_38_597.jpg,,,-0.9811321,0,0,0.000146388
/home/alex/SelfDriving/CarND-Behavioral-Cloning-P3/data/recovery/IMG/center_2017_02_12_16_57_38_667.jpg,,,-0.9811321,0,0,0.0001464153
/home/alex/SelfDriving/CarND-Behavioral-Cloning-P3/data/recovery/IMG/center_2017_02_12_16_57_38_735.jpg,,,-0.9811321,0,0,0.0001458882
/home/alex/SelfDriving/CarND-Behavioral-Cloning-P3/data/recovery/IMG/center_2017_02_12_16_57_38_804.jpg,,,-0.9811321,0,0,0.0001462423
/home/alex/SelfDriving/CarND-Behavioral-Cloning-P3/data/recovery/IMG/center_2017_02_12_16_57_38_872.jpg,,,-0.9811321,0,0,0.0001494784
/home/alex/SelfDriving/CarND-Behavioral-Cloning-P3/data/recovery/IMG/center_2017_02_12_16_57_38_938.jpg,,,-0.9811321,0,0,0.0001466334
/home/alex/SelfDriving/CarND-Behavioral-Cloning-P3/data/recovery/IMG/center_2017_02_12_16_57_39_006.jpg,,,-0.971698,0,0,0.0001460846
/home/alex/SelfDriving/CarND-Behavioral-Cloning-P3/data/recovery/IMG/center_2017_02_12_16_57_39_075.jpg,,,-0.971698,0,0,0.0001465097
/home/alex/SelfDriving/CarND-Behavioral-Cloning-P3/data/recovery/IMG/center_2017_02_12_16_57_39_143.jpg,,,-0.9622642,0,0,0.000146433
/home/alex/SelfDriving/CarND-Behavioral-Cloning-P3/data/recovery/IMG/center_2017_02_12_16_57_39_212.jpg,,,-0.9622642,0,0,0.0001491102
/home/alex/SelfDriving/CarND-Behavioral-Cloning-P3/data/recovery/IMG/center_2017_02_12_16_57_39_279.jpg,,,-0.9528302,0,0,0.0001468862
/home/alex/SelfDriving/CarND-Behavioral-Cloning-P3/data/recovery/IMG/center_2017_02_12_16_57_39_349.jpg,,,-0.9622642,0,0,0.0001465132
/home/alex/SelfDriving/CarND-Behavioral-Cloning-P3/data/recovery/IMG/center_2017_02_12_16_57_39_416.jpg,,,-0.9622642,0,0,0.000145718
/home/alex/SelfDriving/CarND-Behavioral-Cloning-P3/data/recovery/IMG/center_2017_02_12_16_57_39_484.jpg,,,-0.9528302,0,0,0.0001477073
/home/alex/SelfDriving/CarND-Behavioral-Cloning-P3/data/recovery/IMG/center_2017_02_12_16_57_39_552.jpg,,,-0.9528302,0,0.1708682,0.02195626
/home/alex/SelfDriving/CarND-Behavioral-Cloning-P3/data/recovery/IMG/center_2017_02_12_16_57_39_621.jpg,,,-0.9528302,0,0.2285457,0.08679428
/home/alex/SelfDriving/CarND-Behavioral-Cloning-P3/data/recovery/IMG/center_2017_02_12_16_57_39_690.jpg,,,-0.9528302,0,0.04996777,0.1011061
/home/alex/SelfDriving/CarND-Behavioral-Cloning-P3/data/recovery/IMG/center_2017_02_12_16_57_39_757.jpg,,,-0.9528302,0,0,0.09677069
/home/alex/SelfDriving/CarND-Behavioral-Cloning-P3/data/recovery/IMG/center_2017_02_12_16_57_39_825.jpg,,,-0.9528302,0,0,0.09094445
/home/alex/SelfDriving/CarND-Behavioral-Cloning-P3/data/recovery/IMG/center_2017_02_12_16_57_39_893.jpg,,,-0.9528302,0,0,0.08520611
/home/alex/SelfDriving/CarND-Behavioral-Cloning-P3/data/recovery/IMG/center_2017_02_12_16_57_39_960.jpg,,,-0.9528302,0,0,0.07770196
/home/alex/SelfDriving/CarND-Behavioral-Cloning-P3/data/recovery/IMG/center_2017_02_12_16_57_40_028.jpg,,,-0.9433962,0,0.1331484,0.08457895
/home/alex/SelfDriving/CarND-Behavioral-Cloning-P3/data/recovery/IMG/center_2017_02_12_16_57_40_096.jpg,,,-0.9339622,0,0.3742676,0.1460895
/home/alex/SelfDriving/CarND-Behavioral-Cloning-P3/data/recovery/IMG/center_2017_02_12_16_57_40_163.jpg,,,-0.9339622,0,0.3352826,0.2647361
/home/alex/SelfDriving/CarND-Behavioral-Cloning-P3/data/recovery/IMG/center_2017_02_12_16_57_40_231.jpg,,,-0.9339622,0,0.1560566,0.2624853
/home/alex/SelfDriving/CarND-Behavioral-Cloning-P3/data/recovery/IMG/center_2017_02_12_16_57_40_301.jpg,,,-0.9433962,0,0,0.2577331
/home/alex/SelfDriving/CarND-Behavioral-Cloning-P3/data/recovery/IMG/center_2017_02_12_16_57_40_369.jpg,,,-0.9433962,0,0,0.2213283
/home/alex/SelfDriving/CarND-Behavioral-Cloning-P3/data/recovery/IMG/center_2017_02_12_16_57_40_438.jpg,,,-0.9339622,0,0.167412,0.2069232
/home/alex/SelfDriving/CarND-Behavioral-Cloning-P3/data/recovery/IMG/center_2017_02_12_16_57_40_507.jpg,,,-0.9339622,0,0.3500726,0.2688296
/home/alex/SelfDriving/CarND-Behavioral-Cloning-P3/data/recovery/IMG/center_2017_02_12_16_57_40_574.jpg,,,-0.9245283,0,0.2141783,0.2735622
/home/alex/SelfDriving/CarND-Behavioral-Cloning-P3/data/recovery/IMG/center_2017_02_12_16_57_40_641.jpg,,,-0.9245283,0,0.02775836,0.2431447
/home/alex/SelfDriving/CarND-Behavioral-Cloning-P3/data/recovery/IMG/center_2017_02_12_16_57_40_708.jpg,,,-0.9339622,0,0,0.2234175
/home/alex/SelfDriving/CarND-Behavioral-Cloning-P3/data/recovery/IMG/center_2017_02_12_16_57_40_776.jpg,,,-0.9339622,0,0,0.195203
/home/alex/SelfDriving/CarND-Behavioral-Cloning-P3/data/recovery/IMG/center_2017_02_12_16_57_40_845.jpg,,,-0.9245283,0,0.1193697,0.2104389
/home/alex/SelfDriving/CarND-Behavioral-Cloning-P3/data/recovery/IMG/center_2017_02_12_16_57_40_912.jpg,,,-0.9150943,0,0.2967181,0.1760447
/home/alex/SelfDriving/CarND-Behavioral-Cloning-P3/data/recovery/IMG/center_2017_02_12_16_57_40_980.jpg,,,-0.9150943,0,0.3856237,0.2676149
/home/alex/SelfDriving/CarND-Behavioral-Cloning-P3/data/recovery/IMG/center_2017_02_12_16_57_41_049.jpg,,,-0.9150943,0,0.2093196,0.2777852
/home/alex/SelfDriving/CarND-Behavioral-Cloning-P3/data/recovery/IMG/center_2017_02_12_16_57_41_117.jpg,,,-0.9245283,0,0,0.2864742
/home/alex/SelfDriving/CarND-Behavioral-Cloning-P3/data/recovery/IMG/center_2017_02_12_16_57_41_185.jpg,,,-0.9245283,0,0.09832191,0.2795918
/home/alex/SelfDriving/CarND-Behavioral-Cloning-P3/data/recovery/IMG/center_2017_02_12_16_57_41_254.jpg,,,-0.9056604,0,0.337326,0.2901506
/home/alex/SelfDriving/CarND-Behavioral-Cloning-P3/data/recovery/IMG/center_2017_02_12_16_57_41_322.jpg,,,-0.9056604,0,0.5013635,0.364949
/home/alex/SelfDriving/CarND-Behavioral-Cloning-P3/data/recovery/IMG/center_2017_02_12_16_57_41_389.jpg,,,-0.9056604,0,0.3150487,0.3934611
/home/alex/SelfDriving/CarND-Behavioral-Cloning-P3/data/recovery/IMG/center_2017_02_12_16_57_41_460.jpg,,,-0.9150943,0,0.07448173,0.4333339
/home/alex/SelfDriving/CarND-Behavioral-Cloning-P3/data/recovery/IMG/center_2017_02_12_16_57_41_528.jpg,,,-0.9150943,0,0.008003712,0.3674319
/home/alex/SelfDriving/CarND-Behavioral-Cloning-P3/data/recovery/IMG/center_2017_02_12_16_57_41_595.jpg,,,-0.9150943,0,0.2471337,0.3749044
/home/alex/SelfDriving/CarND-Behavioral-Cloning-P3/data/recovery/IMG/center_2017_02_12_16_57_41_662.jpg,,,-0.9150943,0,0.4250729,0.4235997
/home/alex/SelfDriving/CarND-Behavioral-Cloning-P3/data/recovery/IMG/center_2017_02_12_16_57_41_731.jpg,,,-0.9150943,0,0.6048539,0.4914789
/home/alex/SelfDriving/CarND-Behavioral-Cloning-P3/data/recovery/IMG/center_2017_02_12_16_57_41_800.jpg,,,-0.9339622,0,0.563673,0.6060802
/home/alex/SelfDriving/CarND-Behavioral-Cloning-P3/data/recovery/IMG/center_2017_02_12_16_57_41_869.jpg,,,-0.9433962,0,0.3793859,0.7064451
/home/alex/SelfDriving/CarND-Behavioral-Cloning-P3/data/recovery/IMG/center_2017_02_12_16_57_41_937.jpg,,,-0.9433962,0,0.1375201,0.6935204
/home/alex/SelfDriving/CarND-Behavioral-Cloning-P3/data/recovery/IMG/center_2017_02_12_16_57_42_005.jpg,,,-0.9528302,0,0,0.6595917
/home/alex/SelfDriving/CarND-Behavioral-Cloning-P3/data/recovery/IMG/center_2017_02_12_16_57_42_074.jpg,,,-0.9622642,0,0,0.6058329
/home/alex/SelfDriving/CarND-Behavioral-Cloning-P3/data/recovery/IMG/center_2017_02_12_16_57_42_143.jpg,,,-0.971698,0,0.08348393,0.5414464
/home/alex/SelfDriving/CarND-Behavioral-Cloning-P3/data/recovery/IMG/center_2017_02_12_16_57_42_212.jpg,,,-0.971698,0,0.2633579,0.5692768
/home/alex/SelfDriving/CarND-Behavioral-Cloning-P3/data/recovery/IMG/center_2017_02_12_16_57_42_280.jpg,,,-0.9622642,0,0.500973,0.6362795
/home/alex/SelfDriving/CarND-Behavioral-Cloning-P3/data/recovery/IMG/center_2017_02_12_16_57_42_348.jpg,,,-0.9622642,0,0.6807632,0.7644702
/home/alex/SelfDriving/CarND-Behavioral-Cloning-P3/data/recovery/IMG/center_2017_02_12_16_57_42_418.jpg,,,-0.9622642,0,0.5052481,0.8500834
/home/alex/SelfDriving/CarND-Behavioral-Cloning-P3/data/recovery/IMG/center_2017_02_12_16_57_42_486.jpg,,,-0.9622642,0,0.3219874,0.8846385
/home/alex/SelfDriving/CarND-Behavioral-Cloning-P3/data/recovery/IMG/center_2017_02_12_16_57_42_556.jpg,,,-0.9622642,0,0.08068228,0.8913421
/home/alex/SelfDriving/CarND-Behavioral-Cloning-P3/data/recovery/IMG/center_2017_02_12_16_57_42_625.jpg,,,-0.9622642,0,0,0.8467894
/home/alex/SelfDriving/CarND-Behavioral-Cloning-P3/data/recovery/IMG/center_2017_02_12_16_57_42_693.jpg,,,-0.9622642,0,0,0.8065803
/home/alex/SelfDriving/CarND-Behavioral-Cloning-P3/data/recovery/IMG/center_2017_02_12_16_57_42_760.jpg,,,-0.9528302,0,0,0.7546693
/home/alex/SelfDriving/CarND-Behavioral-Cloning-P3/data/recovery/IMG/center_2017_02_12_16_57_42_829.jpg,,,-0.9528302,0,0,0.7165192
/home/alex/SelfDriving/CarND-Behavioral-Cloning-P3/data/recovery/IMG/center_2017_02_12_16_57_42_899.jpg,,,-0.9528302,0,0,0.666621
/home/alex/SelfDriving/CarND-Behavioral-Cloning-P3/data/recovery/IMG/center_2017_02_12_16_57_42_968.jpg,,,-0.9528302,0,0,0.6299359
/home/alex/SelfDriving/CarND-Behavioral-Cloning-P3/data/recovery/IMG/center_2017_02_12_16_57_43_038.jpg,,,-0.9433962,0,0.209301,0.6123187
/home/alex/SelfDriving/CarND-Behavioral-Cloning-P3/data/recovery/IMG/center_2017_02_12_16_57_43_105.jpg,,,-0.9339622,0,0.3704667,0.6509085
/home/alex/SelfDriving/CarND-Behavioral-Cloning-P3/data/recovery/IMG/center_2017_02_12_16_57_43_174.jpg,,,-0.9339622,0,0.1295729,0.6897599
/home/alex/SelfDriving/CarND-Behavioral-Cloning-P3/data/recovery/IMG/center_2017_02_12_16_57_43_243.jpg,,,-0.9433962,0,0,0.6384188
/home/alex/SelfDriving/CarND-Behavioral-Cloning-P3/data/recovery/IMG/center_2017_02_12_16_57_43_310.jpg,,,-0.9433962,0,0,0.6034405
/home/alex/SelfDriving/CarND-Behavioral-Cloning-P3/data/recovery/IMG/center_2017_02_12_16_57_43_378.jpg,,,-0.9433962,0,0,0.558233
/home/alex/SelfDriving/CarND-Behavioral-Cloning-P3/data/recovery/IMG/center_2017_02_12_16_57_43_445.jpg,,,-0.9339622,0,0.03204274,0.5307149
/home/alex/SelfDriving/CarND-Behavioral-Cloning-P3/data/recovery/IMG/center_2017_02_12_16_57_43_515.jpg,,,-0.9339622,0,0.2717521,0.5445271
/home/alex/SelfDriving/CarND-Behavioral-Cloning-P3/data/recovery/IMG/center_2017_02_12_16_57_43_582.jpg,,,-0.9245283,0,0.4547703,0.5805635
/home/alex/SelfDriving/CarND-Behavioral-Cloning-P3/data/recovery/IMG/center_2017_02_12_16_57_43_649.jpg,,,-0.9245283,0,0.5821044,0.6757584
/home/alex/SelfDriving/CarND-Behavioral-Cloning-P3/data/recovery/IMG/center_2017_02_12_16_57_43_718.jpg,,,-0.9245283,0,0.344214,0.7271663
/home/alex/SelfDriving/CarND-Behavioral-Cloning-P3/data/recovery/IMG/center_2017_02_12_16_57_43_787.jpg,,,-0.9245283,0,0.1595485,0.7568213
/home/alex/SelfDriving/CarND-Behavioral-Cloning-P3/data/recovery/IMG/center_2017_02_12_16_57_43_856.jpg,,,-0.9245283,0,0,0.7379837
/home/alex/SelfDriving/CarND-Behavioral-Cloning-P3/data/recovery/IMG/center_2017_02_12_16_57_43_923.jpg,,,-0.9245283,0,0,0.7057809
/home/alex/SelfDriving/CarND-Behavioral-Cloning-P3/data/recovery/IMG/center_2017_02_12_16_57_43_992.jpg,,,-0.9245283,0,0,0.6741895
/home/alex/SelfDriving/CarND-Behavioral-Cloning-P3/data/recovery/IMG/center_2017_02_12_16_57_44_061.jpg,,,-0.9245283,0,0.2135582,0.6993482
/home/alex/SelfDriving/CarND-Behavioral-Cloning-P3/data/recovery/IMG/center_2017_02_12_16_57_44_129.jpg,,,-0.9150943,0,0.3877108,0.7100568
/home/alex/SelfDriving/CarND-Behavioral-Cloning-P3/data/recovery/IMG/center_2017_02_12_16_57_44_197.jpg,,,-0.9150943,0,0.3763862,0.7776656
/home/alex/SelfDriving/CarND-Behavioral-Cloning-P3/data/recovery/IMG/center_2017_02_12_16_57_44_265.jpg,,,-0.9150943,0,0.1946311,0.8305933
/home/alex/SelfDriving/CarND-Behavioral-Cloning-P3/data/recovery/IMG/center_2017_02_12_16_57_44_334.jpg,,,-0.9150943,0,0,0.7923281
/home/alex/SelfDriving/CarND-Behavioral-Cloning-P3/data/recovery/IMG/center_2017_02_12_16_57_44_400.jpg,,,-0.9150943,0,0,0.7634172
/home/alex/SelfDriving/CarND-Behavioral-Cloning-P3/data/recovery/IMG/center_2017_02_12_16_57_44_467.jpg,,,-0.9150943,0,0.1612802,0.7826211
/home/alex/SelfDriving/CarND-Behavioral-Cloning-P3/data/recovery/IMG/center_2017_02_12_16_57_44_536.jpg,,,-0.9056604,0,0.3284183,0.8077632
/home/alex/SelfDriving/CarND-Behavioral-Cloning-P3/data/recovery/IMG/center_2017_02_12_16_57_44_604.jpg,,,-0.9056604,0,0.1485987,0.8200245
/home/alex/SelfDriving/CarND-Behavioral-Cloning-P3/data/recovery/IMG/center_2017_02_12_16_57_44_672.jpg,,,-0.9150943,0,0,0.7988573
/home/alex/SelfDriving/CarND-Behavioral-Cloning-P3/data/recovery/IMG/center_2017_02_12_16_57_44_739.jpg,,,-0.9150943,0,0,0.7613175
/home/alex/SelfDriving/CarND-Behavioral-Cloning-P3/data/recovery/IMG/center_2017_02_12_16_57_44_806.jpg,,,-0.9150943,0,0,0.7337798
/home/alex/SelfDriving/CarND-Behavioral-Cloning-P3/data/recovery/IMG/center_2017_02_12_16_57_44_875.jpg,,,-0.9150943,0,0.2139237,0.741524
/home/alex/SelfDriving/CarND-Behavioral-Cloning-P3/data/recovery/IMG/center_2017_02_12_16_57_44_943.jpg,,,-0.9150943,0,0.3948054,0.7719305
/home/alex/SelfDriving/CarND-Behavioral-Cloning-P3/data/recovery/IMG/center_2017_02_12_16_57_45_010.jpg,,,-0.9150943,0,0.5703864,0.89237
/home/alex/SelfDriving/CarND-Behavioral-Cloning-P3/data/recovery/IMG/center_2017_02_12_16_57_45_078.jpg,,,-0.9150943,0,0.3270228,0.920435
/home/alex/SelfDriving/CarND-Behavioral-Cloning-P3/data/recovery/IMG/center_2017_02_12_16_57_45_146.jpg,,,-0.9150943,0,0.1455953,0.9692634
/home/alex/SelfDriving/CarND-Behavioral-Cloning-P3/data/recovery/IMG/center_2017_02_12_16_57_45_213.jpg,,,-0.9150943,0,0,0.9417365
/home/alex/SelfDriving/CarND-Behavioral-Cloning-P3/data/recovery/IMG/center_2017_02_12_16_57_45_282.jpg,,,-0.9150943,0,0,0.9065323
/home/alex/SelfDriving/CarND-Behavioral-Cloning-P3/data/recovery/IMG/center_2017_02_12_16_57_45_351.jpg,,,-0.9150943,0,0.169512,0.9203485
/home/alex/SelfDriving/CarND-Behavioral-Cloning-P3/data/recovery/IMG/center_2017_02_12_16_57_45_420.jpg,,,-0.9150943,0,0.4039114,0.968739
/home/alex/SelfDriving/CarND-Behavioral-Cloning-P3/data/recovery/IMG/center_2017_02_12_16_57_45_488.jpg,,,-0.9150943,0,0.3561122,1.019972
/home/alex/SelfDriving/CarND-Behavioral-Cloning-P3/data/recovery/IMG/center_2017_02_12_16_57_45_555.jpg,,,-0.9245283,0,0.1144438,1.065459
/home/alex/SelfDriving/CarND-Behavioral-Cloning-P3/data/recovery/IMG/center_2017_02_12_16_57_45_623.jpg,,,-0.9245283,0,0,1.02289
/home/alex/SelfDriving/CarND-Behavioral-Cloning-P3/data/recovery/IMG/center_2017_02_12_16_57_45_691.jpg,,,-0.9245283,0,0,0.9977655
/home/alex/SelfDriving/CarND-Behavioral-Cloning-P3/data/recovery/IMG/center_2017_02_12_16_57_45_760.jpg,,,-0.9245283,0,0,0.9656694
/home/alex/SelfDriving/CarND-Behavioral-Cloning-P3/data/recovery/IMG/center_2017_02_12_16_57_45_828.jpg,,,-0.9245283,0,0.1479356,0.9679404
/home/alex/SelfDriving/CarND-Behavioral-Cloning-P3/data/recovery/IMG/center_2017_02_12_16_57_45_898.jpg,,,-0.9245283,0,0.09552026,0.9565606
/home/alex/SelfDriving/CarND-Behavioral-Cloning-P3/data/recovery/IMG/center_2017_02_12_16_57_45_967.jpg,,,-0.9245283,0,0,0.9578791
/home/alex/SelfDriving/CarND-Behavioral-Cloning-P3/data/recovery/IMG/center_2017_02_12_16_57_46_035.jpg,,,-0.9245283,0,0,0.9291974
/home/alex/SelfDriving/CarND-Behavioral-Cloning-P3/data/recovery/IMG/center_2017_02_12_16_57_46_102.jpg,,,-0.9245283,0,0,0.9084119
/home/alex/SelfDriving/CarND-Behavioral-Cloning-P3/data/recovery/IMG/center_2017_02_12_16_57_46_170.jpg,,,-0.9245283,0,0,0.8882585
/home/alex/SelfDriving/CarND-Behavioral-Cloning-P3/data/recovery/IMG/center_2017_02_12_16_57_46_237.jpg,,,-0.9245283,0,0.1141863,0.8506841
/home/alex/SelfDriving/CarND-Behavioral-Cloning-P3/data/recovery/IMG/center_2017_02_12_16_57_46_304.jpg,,,-0.9150943,0,0.2971501,0.9119757
/home/alex/SelfDriving/CarND-Behavioral-Cloning-P3/data/recovery/IMG/center_2017_02_12_16_57_46_377.jpg,,,-0.9150943,0,0.1365688,0.9550467
/home/alex/SelfDriving/CarND-Behavioral-Cloning-P3/data/recovery/IMG/center_2017_02_12_16_57_46_445.jpg,,,-0.9150943,0,0,0.9356874
/home/alex/SelfDriving/CarND-Behavioral-Cloning-P3/data/recovery/IMG/center_2017_02_12_16_57_46_514.jpg,,,-0.9150943,0,0,0.9125946
/home/alex/SelfDriving/CarND-Behavioral-Cloning-P3/data/recovery/IMG/center_2017_02_12_16_57_46_581.jpg,,,-0.9150943,0,0,0.8960049
/home/alex/SelfDriving/CarND-Behavioral-Cloning-P3/data/recovery/IMG/center_2017_02_12_16_57_46_648.jpg,,,-0.9150943,0,0.05730271,0.852931
/home/alex/SelfDriving/CarND-Behavioral-Cloning-P3/data/recovery/IMG/center_2017_02_12_16_57_46_717.jpg,,,-1,0,0.301662,0.9189829
/home/alex/SelfDriving/CarND-Behavioral-Cloning-P3/data/recovery/IMG/center_2017_02_12_16_57_46_785.jpg,,,-0.9150943,0,0.1222229,0.9395819
/home/alex/SelfDriving/CarND-Behavioral-Cloning-P3/data/recovery/IMG/center_2017_02_12_16_57_46_854.jpg,,,-0.9150943,0,0,0.9267191
/home/alex/SelfDriving/CarND-Behavioral-Cloning-P3/data/recovery/IMG/center_2017_02_12_16_57_46_922.jpg,,,-0.9150943,0,0,0.9118353
/home/alex/SelfDriving/CarND-Behavioral-Cloning-P3/data/recovery/IMG/center_2017_02_12_16_57_46_990.jpg,,,-0.9150943,0,0,0.8975095
/home/alex/SelfDriving/CarND-Behavioral-Cloning-P3/data/recovery/IMG/center_2017_02_12_16_57_47_058.jpg,,,-0.9150943,0,0,0.8792773
/home/alex/SelfDriving/CarND-Behavioral-Cloning-P3/data/recovery/IMG/center_2017_02_12_16_57_47_126.jpg,,,-0.9056604,0,0.1360795,0.8852394
/home/alex/SelfDriving/CarND-Behavioral-Cloning-P3/data/recovery/IMG/center_2017_02_12_16_57_47_193.jpg,,,-0.9056604,0,0.3205254,0.9372551
/home/alex/SelfDriving/CarND-Behavioral-Cloning-P3/data/recovery/IMG/center_2017_02_12_16_57_47_260.jpg,,,-0.9056604,0,0.3418736,1.030119
/home/alex/SelfDriving/CarND-Behavioral-Cloning-P3/data/recovery/IMG/center_2017_02_12_16_57_47_328.jpg,,,-0.9056604,0,0.1549408,1.062177
/home/alex/SelfDriving/CarND-Behavioral-Cloning-P3/data/recovery/IMG/center_2017_02_12_16_57_47_396.jpg,,,-0.9056604,0,0,1.04835
/home/alex/SelfDriving/CarND-Behavioral-Cloning-P3/data/recovery/IMG/center_2017_02_12_16_57_47_464.jpg,,,-0.9056604,0,0,1.036874
/home/alex/SelfDriving/CarND-Behavioral-Cloning-P3/data/recovery/IMG/center_2017_02_12_16_57_47_531.jpg,,,-0.8962264,0,0.07339239,1.03821
/home/alex/SelfDriving/CarND-Behavioral-Cloning-P3/data/recovery/IMG/center_2017_02_12_16_57_47_600.jpg,,,-0.8962264,0,0.2989018,1.078519
/home/alex/SelfDriving/CarND-Behavioral-Cloning-P3/data/recovery/IMG/center_2017_02_12_16_57_47_668.jpg,,,-0.8962264,0,0.1187367,1.122751
/home/alex/SelfDriving/CarND-Behavioral-Cloning-P3/data/recovery/IMG/center_2017_02_12_16_57_47_737.jpg,,,-0.8962264,0,0,1.105847
/home/alex/SelfDriving/CarND-Behavioral-Cloning-P3/data/recovery/IMG/center_2017_02_12_16_57_47_804.jpg,,,-0.8962264,0,0,1.097678
/home/alex/SelfDriving/CarND-Behavioral-Cloning-P3/data/recovery/IMG/center_2017_02_12_16_57_47_873.jpg,,,-0.8962264,0,0,1.090063
/home/alex/SelfDriving/CarND-Behavioral-Cloning-P3/data/recovery/IMG/center_2017_02_12_16_57_47_941.jpg,,,-0.8962264,0,0,1.080839
/home/alex/SelfDriving/CarND-Behavioral-Cloning-P3/data/recovery/IMG/center_2017_02_12_16_57_48_008.jpg,,,-0.8962264,0,0,1.074624
/home/alex/SelfDriving/CarND-Behavioral-Cloning-P3/data/recovery/IMG/center_2017_02_12_16_57_48_080.jpg,,,-0.8962264,0,0,1.067237
/home/alex/SelfDriving/CarND-Behavioral-Cloning-P3/data/recovery/IMG/center_2017_02_12_16_57_48_147.jpg,,,-0.8962264,0,0,1.062377
/home/alex/SelfDriving/CarND-Behavioral-Cloning-P3/data/recovery/IMG/center_2017_02_12_16_57_48_216.jpg,,,-0.8962264,0,0,1.056766
/home/alex/SelfDriving/CarND-Behavioral-Cloning-P3/data/recovery/IMG/center_2017_02_12_16_57_48_284.jpg,,,-0.8962264,0,0,1.053216
/home/alex/SelfDriving/CarND-Behavioral-Cloning-P3/data/recovery/IMG/center_2017_02_12_16_57_48_354.jpg,,,-0.8962264,0,0,1.049322
/home/alex/SelfDriving/CarND-Behavioral-Cloning-P3/data/recovery/IMG/center_2017_02_12_16_57_48_422.jpg,,,-0.8962264,0,0,1.047037
/home/alex/SelfDriving/CarND-Behavioral-Cloning-P3/data/recovery/IMG/center_2017_02_12_16_57_48_490.jpg,,,-0.8962264,0,0,1.045285
/home/alex/SelfDriving/CarND-Behavioral-Cloning-P3/data/recovery/IMG/center_2017_02_12_16_57_48_559.jpg,,,-0.8962264,0,0,1.043768
/home/alex/SelfDriving/CarND-Behavioral-Cloning-P3/data/recovery/IMG/center_2017_02_12_16_57_48_627.jpg,,,-0.8962264,0,0,1.041406
/home/alex/SelfDriving/CarND-Behavioral-Cloning-P3/data/recovery/IMG/center_2017_02_12_16_57_48_695.jpg,,,-0.8962264,0,0,1.038575
/home/alex/SelfDriving/CarND-Behavioral-Cloning-P3/data/recovery/IMG/center_2017_02_12_16_57_48_764.jpg,,,-0.8962264,0,0,1.037011
/home/alex/SelfDriving/CarND-Behavioral-Cloning-P3/data/recovery/IMG/center_2017_02_12_16_57_48_833.jpg,,,-0.8962264,0,0,1.035912
/home/alex/SelfDriving/CarND-Behavioral-Cloning-P3/data/recovery/IMG/center_2017_02_12_16_57_48_902.jpg,,,-0.8962264,0,0,1.035195
/home/alex/SelfDriving/CarND-Behavioral-Cloning-P3/data/recovery/IMG/center_2017_02_12_16_57_48_970.jpg,,,-0.8962264,0,0,1.035191
/home/alex/SelfDriving/CarND-Behavioral-Cloning-P3/data/recovery/IMG/center_2017_02_12_16_57_49_036.jpg,,,-0.8962264,0,0,1.035869
/home/alex/SelfDriving/CarND-Behavioral-Cloning-P3/data/recovery/IMG/center_2017_02_12_16_57_49_105.jpg,,,-0.8962264,0,0,1.036915
/home/alex/SelfDriving/CarND-Behavioral-Cloning-P3/data/recovery/IMG/center_2017_02_12_16_57_49_173.jpg,,,-0.8962264,0,0,1.038393
/home/alex/SelfDriving/CarND-Behavioral-Cloning-P3/data/recovery/IMG/center_2017_02_12_16_57_49_241.jpg,,,-0.8962264,0,0,1.01759
/home/alex/SelfDriving/CarND-Behavioral-Cloning-P3/data/recovery/IMG/center_2017_02_12_16_57_49_309.jpg,,,-0.8962264,0,0,1.009848
/home/alex/SelfDriving/CarND-Behavioral-Cloning-P3/data/recovery/IMG/center_2017_02_12_16_57_49_379.jpg,,,-0.8962264,0,0,0.9998074
/home/alex/SelfDriving/CarND-Behavioral-Cloning-P3/data/recovery/IMG/center_2017_02_12_16_57_49_448.jpg,,,-0.8962264,0,0,0.992457
/home/alex/SelfDriving/CarND-Behavioral-Cloning-P3/data/recovery/IMG/center_2017_02_12_16_57_49_515.jpg,,,-0.8962264,0,0,0.9829198
/home/alex/SelfDriving/CarND-Behavioral-Cloning-P3/data/recovery/IMG/center_2017_02_12_16_57_49_584.jpg,,,-0.8962264,0,0,0.9759526
/home/alex/SelfDriving/CarND-Behavioral-Cloning-P3/data/recovery/IMG/center_2017_02_12_16_57_49_652.jpg,,,-0.8962264,0,0,0.9691374
/home/alex/SelfDriving/CarND-Behavioral-Cloning-P3/data/recovery/IMG/center_2017_02_12_16_57_49_719.jpg,,,-0.8962264,0,0,0.9602795
/home/alex/SelfDriving/CarND-Behavioral-Cloning-P3/data/recovery/IMG/center_2017_02_12_16_57_49_787.jpg,,,-0.8962264,0,0,0.9538051
/home/alex/SelfDriving/CarND-Behavioral-Cloning-P3/data/recovery/IMG/center_2017_02_12_16_57_49_855.jpg,,,-0.8867924,0,0,0.9456971
/home/alex/SelfDriving/CarND-Behavioral-Cloning-P3/data/recovery/IMG/center_2017_02_12_16_57_49_922.jpg,,,-0.8867924,0,0,0.9398827
/home/alex/SelfDriving/CarND-Behavioral-Cloning-P3/data/recovery/IMG/center_2017_02_12_16_57_49_989.jpg,,,-0.8679245,0,0,0.9349224
/home/alex/SelfDriving/CarND-Behavioral-Cloning-P3/data/recovery/IMG/center_2017_02_12_16_57_50_056.jpg,,,-0.8584906,0,0,0.9285883
/home/alex/SelfDriving/CarND-Behavioral-Cloning-P3/data/recovery/IMG/center_2017_02_12_16_57_50_123.jpg,,,-0.8584906,0,0,0.923696
/home/alex/SelfDriving/CarND-Behavioral-Cloning-P3/data/recovery/IMG/center_2017_02_12_16_57_50_192.jpg,,,0,0,0,0.9072961
/home/alex/SelfDriving/CarND-Behavioral-Cloning-P3/data/recovery/IMG/center_2017_02_12_16_57_50_258.jpg,,,0,0,0,0.912978
/home/alex/SelfDriving/CarND-Behavioral-Cloning-P3/data/recovery/IMG/center_2017_02_12_16_57_50_332.jpg,,,0,0,0,0.8523322
/home/alex/SelfDriving/CarND-Behavioral-Cloning-P3/data/recovery/IMG/center_2017_02_12_16_58_22_016.jpg,,,-1,0,0,0.8607196
/home/alex/SelfDriving/CarND-Behavioral-Cloning-P3/data/recovery/IMG/center_2017_02_12_16_58_22_083.jpg,,,-1,0,0,0.8553348
/home/alex/SelfDriving/CarND-Behavioral-Cloning-P3/data/recovery/IMG/center_2017_02_12_16_58_22_152.jpg,,,-1,0,0,0.8500943
/home/alex/SelfDriving/CarND-Behavioral-Cloning-P3/data/recovery/IMG/center_2017_02_12_16_58_22_220.jpg,,,-1,0,0,0.8433276
/home/alex/SelfDriving/CarND-Behavioral-Cloning-P3/data/recovery/IMG/center_2017_02_12_16_58_22_287.jpg,,,-1,0,0,0.8384159
/home/alex/SelfDriving/CarND-Behavioral-Cloning-P3/data/recovery/IMG/center_2017_02_12_16_58_22_357.jpg,,,-1,0,0,0.8320806
/home/alex/SelfDriving/CarND-Behavioral-Cloning-P3/data/recovery/IMG/center_2017_02_12_16_58_22_424.jpg,,,-1,0,0,0.8274866
/home/alex/SelfDriving/CarND-Behavioral-Cloning-P3/data/recovery/IMG/center_2017_02_12_16_58_22_492.jpg,,,-1,0,0,0.8230261
/home/alex/SelfDriving/CarND-Behavioral-Cloning-P3/data/recovery/IMG/center_2017_02_12_16_58_22_560.jpg,,,-1,0,0,0.8172824
/home/alex/SelfDriving/CarND-Behavioral-Cloning-P3/data/recovery/IMG/center_2017_02_12_16_58_22_628.jpg,,,-1,0,0,0.8131254
/home/alex/SelfDriving/CarND-Behavioral-Cloning-P3/data/recovery/IMG/center_2017_02_12_16_58_22_696.jpg,,,-1,0,0,0.8077797
/home/alex/SelfDriving/CarND-Behavioral-Cloning-P3/data/recovery/IMG/center_2017_02_12_16_58_22_766.jpg,,,-1,0,0,0.8039163
/home/alex/SelfDriving/CarND-Behavioral-Cloning-P3/data/recovery/IMG/center_2017_02_12_16_58_22_836.jpg,,,-1,0,0,0.7989558
/home/alex/SelfDriving/CarND-Behavioral-Cloning-P3/data/recovery/IMG/center_2017_02_12_16_58_22_905.jpg,,,-1,0,0,0.7953768
/home/alex/SelfDriving/CarND-Behavioral-Cloning-P3/data/recovery/IMG/center_2017_02_12_16_58_22_973.jpg,,,-1,0,0.08554173,0.7821425
/home/alex/SelfDriving/CarND-Behavioral-Cloning-P3/data/recovery/IMG/center_2017_02_12_16_58_23_041.jpg,,,-1,0,0.3208652,0.7192643
/home/alex/SelfDriving/CarND-Behavioral-Cloning-P3/data/recovery/IMG/center_2017_02_12_16_58_23_109.jpg,,,-1,0,0.5050893,0.6158023
/home/alex/SelfDriving/CarND-Behavioral-Cloning-P3/data/recovery/IMG/center_2017_02_12_16_58_23_177.jpg,,,-1,0,0.7494993,0.4522395
/home/alex/SelfDriving/CarND-Behavioral-Cloning-P3/data/recovery/IMG/center_2017_02_12_16_58_23_245.jpg,,,-1,0,0.9205291,0.2493362
/home/alex/SelfDriving/CarND-Behavioral-Cloning-P3/data/recovery/IMG/center_2017_02_12_16_58_23_315.jpg,,,-1,0,1,0.01954074
/home/alex/SelfDriving/CarND-Behavioral-Cloning-P3/data/recovery/IMG/center_2017_02_12_16_58_23_385.jpg,,,-1,0,1,0.243347
/home/alex/SelfDriving/CarND-Behavioral-Cloning-P3/data/recovery/IMG/center_2017_02_12_16_58_23_452.jpg,,,-1,0,1,0.4087903
/home/alex/SelfDriving/CarND-Behavioral-Cloning-P3/data/recovery/IMG/center_2017_02_12_16_58_23_519.jpg,,,-1,0,1,0.7344781
/home/alex/SelfDriving/CarND-Behavioral-Cloning-P3/data/recovery/IMG/center_2017_02_12_16_58_23_588.jpg,,,-1,0,1,0.8912681
/home/alex/SelfDriving/CarND-Behavioral-Cloning-P3/data/recovery/IMG/center_2017_02_12_16_58_23_657.jpg,,,-1,0,1,1.188569
/home/alex/SelfDriving/CarND-Behavioral-Cloning-P3/data/recovery/IMG/center_2017_02_12_16_58_23_726.jpg,,,-1,0,1,1.3768
/home/alex/SelfDriving/CarND-Behavioral-Cloning-P3/data/recovery/IMG/center_2017_02_12_16_58_23_794.jpg,,,-1,0,0.9245799,1.596518
/home/alex/SelfDriving/CarND-Behavioral-Cloning-P3/data/recovery/IMG/center_2017_02_12_16_58_23_863.jpg,,,-1,0,0.7384782,1.747205
/home/alex/SelfDriving/CarND-Behavioral-Cloning-P3/data/recovery/IMG/center_2017_02_12_16_58_23_937.jpg,,,-1,0,0.4964592,1.887478
/home/alex/SelfDriving/CarND-Behavioral-Cloning-P3/data/recovery/IMG/center_2017_02_12_16_58_24_006.jpg,,,-1,0,0.3221021,1.952873
/home/alex/SelfDriving/CarND-Behavioral-Cloning-P3/data/recovery/IMG/center_2017_02_12_16_58_24_073.jpg,,,-1,0,0.1375725,1.977882
/home/alex/SelfDriving/CarND-Behavioral-Cloning-P3/data/recovery/IMG/center_2017_02_12_16_58_24_142.jpg,,,-1,0,0,1.942801
/home/alex/SelfDriving/CarND-Behavioral-Cloning-P3/data/recovery/IMG/center_2017_02_12_16_58_24_209.jpg,,,-1,0,0,1.917316
/home/alex/SelfDriving/CarND-Behavioral-Cloning-P3/data/recovery/IMG/center_2017_02_12_16_58_24_279.jpg,,,-1,0,0,1.883843
/home/alex/SelfDriving/CarND-Behavioral-Cloning-P3/data/recovery/IMG/center_2017_02_12_16_58_24_346.jpg,,,-1,0,0,1.859214
/home/alex/SelfDriving/CarND-Behavioral-Cloning-P3/data/recovery/IMG/center_2017_02_12_16_58_24_416.jpg,,,-1,0,0,1.827011
/home/alex/SelfDriving/CarND-Behavioral-Cloning-P3/data/recovery/IMG/center_2017_02_12_16_58_24_482.jpg,,,-1,0,0,1.803329
/home/alex/SelfDriving/CarND-Behavioral-Cloning-P3/data/recovery/IMG/center_2017_02_12_16_58_24_551.jpg,,,-1,0,0,1.780045
/home/alex/SelfDriving/CarND-Behavioral-Cloning-P3/data/recovery/IMG/center_2017_02_12_16_58_24_618.jpg,,,-1,0,0,1.749167
/home/alex/SelfDriving/CarND-Behavioral-Cloning-P3/data/recovery/IMG/center_2017_02_12_16_58_24_686.jpg,,,-1,0,0,1.72572
/home/alex/SelfDriving/CarND-Behavioral-Cloning-P3/data/recovery/IMG/center_2017_02_12_16_58_24_754.jpg,,,-1,0,0,1.695025
/home/alex/SelfDriving/CarND-Behavioral-Cloning-P3/data/recovery/IMG/center_2017_02_12_16_58_24_822.jpg,,,-1,0,0,1.672477
/home/alex/SelfDriving/CarND-Behavioral-Cloning-P3/data/recovery/IMG/center_2017_02_12_16_58_24_891.jpg,,,-1,0,0,1.65033
/home/alex/SelfDriving/CarND-Behavioral-Cloning-P3/data/recovery/IMG/center_2017_02_12_16_58_24_958.jpg,,,-1,0,0,1.621416
/home/alex/SelfDriving/CarND-Behavioral-Cloning-P3/data/recovery/IMG/center_2017_02_12_16_58_25_026.jpg,,,-1,0,0,1.600046
/home/alex/SelfDriving/CarND-Behavioral-Cloning-P3/data/recovery/IMG/center_2017_02_12_16_58_25_093.jpg,,,-1,0,0,1.578311
/home/alex/SelfDriving/CarND-Behavioral-Cloning-P3/data/recovery/IMG/center_2017_02_12_16_58_25_161.jpg,,,-1,0,0,1.549805
/home/alex/SelfDriving/CarND-Behavioral-Cloning-P3/data/recovery/IMG/center_2017_02_12_16_58_25_230.jpg,,,-1,0,0,1.528821
/home/alex/SelfDriving/CarND-Behavioral-Cloning-P3/data/recovery/IMG/center_2017_02_12_16_58_25_299.jpg,,,-1,0,0,1.501366
/home/alex/SelfDriving/CarND-Behavioral-Cloning-P3/data/recovery/IMG/center_2017_02_12_16_58_25_367.jpg,,,-1,0,0,1.481164
/home/alex/SelfDriving/CarND-Behavioral-Cloning-P3/data/recovery/IMG/center_2017_02_12_16_58_25_436.jpg,,,-1,0,0,1.454739
/home/alex/SelfDriving/CarND-Behavioral-Cloning-P3/data/recovery/IMG/center_2017_02_12_16_58_25_504.jpg,,,-1,0,0,1.435298
/home/alex/SelfDriving/CarND-Behavioral-Cloning-P3/data/recovery/IMG/center_2017_02_12_16_58_25_573.jpg,,,-1,0,0,1.416175
/home/alex/SelfDriving/CarND-Behavioral-Cloning-P3/data/recovery/IMG/center_2017_02_12_16_58_25_642.jpg,,,-1,0,0,1.391168
/home/alex/SelfDriving/CarND-Behavioral-Cloning-P3/data/recovery/IMG/center_2017_02_12_16_58_25_712.jpg,,,-1,0,0,1.372775
/home/alex/SelfDriving/CarND-Behavioral-Cloning-P3/data/recovery/IMG/center_2017_02_12_16_58_25_780.jpg,,,-1,0,0,1.348726
/home/alex/SelfDriving/CarND-Behavioral-Cloning-P3/data/recovery/IMG/center_2017_02_12_16_58_25_849.jpg,,,-1,0,0,1.331041
/home/alex/SelfDriving/CarND-Behavioral-Cloning-P3/data/recovery/IMG/center_2017_02_12_16_58_25_917.jpg,,,-1,0,0,1.307922
/home/alex/SelfDriving/CarND-Behavioral-Cloning-P3/data/recovery/IMG/center_2017_02_12_16_58_25_985.jpg,,,-1,0,0,1.290923
/home/alex/SelfDriving/CarND-Behavioral-Cloning-P3/data/recovery/IMG/center_2017_02_12_16_58_26_052.jpg,,,-1,0,0,1.274212
/home/alex/SelfDriving/CarND-Behavioral-Cloning-P3/data/recovery/IMG/center_2017_02_12_16_58_26_123.jpg,,,-1,0,0,1.252372
/home/alex/SelfDriving/CarND-Behavioral-Cloning-P3/data/recovery/IMG/center_2017_02_12_16_58_26_190.jpg,,,-1,0,0,1.236319
/home/alex/SelfDriving/CarND-Behavioral-Cloning-P3/data/recovery/IMG/center_2017_02_12_16_58_26_257.jpg,,,-1,0,0,1.215343
/home/alex/SelfDriving/CarND-Behavioral-Cloning-P3/data/recovery/IMG/center_2017_02_12_16_58_26_325.jpg,,,-1,0,0,1.199928
/home/alex/SelfDriving/CarND-Behavioral-Cloning-P3/data/recovery/IMG/center_2017_02_12_16_58_26_394.jpg,,,-1,0,0,1.179788
/home/alex/SelfDriving/CarND-Behavioral-Cloning-P3/data/recovery/IMG/center_2017_02_12_16_58_26_463.jpg,,,-1,0,0,1.164991
/home/alex/SelfDriving/CarND-Behavioral-Cloning-P3/data/recovery/IMG/center_2017_02_12_16_58_26_531.jpg,,,-1,0,0,1.150452
/home/alex/SelfDriving/CarND-Behavioral-Cloning-P3/data/recovery/IMG/center_2017_02_12_16_58_26_601.jpg,,,-1,0,0,1.131464
/home/alex/SelfDriving/CarND-Behavioral-Cloning-P3/data/recovery/IMG/center_2017_02_12_16_58_26_669.jpg,,,-1,0,0,1.117516
/home/alex/SelfDriving/CarND-Behavioral-Cloning-P3/data/recovery/IMG/center_2017_02_12_16_58_26_738.jpg,,,-1,0,0,1.099304
/home/alex/SelfDriving/CarND-Behavioral-Cloning-P3/data/recovery/IMG/center_2017_02_12_16_58_26_807.jpg,,,-1,0,0,1.085928
/home/alex/SelfDriving/CarND-Behavioral-Cloning-P3/data/recovery/IMG/center_2017_02_12_16_58_26_875.jpg,,,-1,0,0,1.068466
/home/alex/SelfDriving/CarND-Behavioral-Cloning-P3/data/recovery/IMG/center_2017_02_12_16_58_26_944.jpg,,,-1,0,0,1.055645
/home/alex/SelfDriving/CarND-Behavioral-Cloning-P3/data/recovery/IMG/center_2017_02_12_16_58_27_011.jpg,,,-1,0,0,1.043056
/home/alex/SelfDriving/CarND-Behavioral-Cloning-P3/data/recovery/IMG/center_2017_02_12_16_58_27_079.jpg,,,-1,0,0,1.026627
/home/alex/SelfDriving/CarND-Behavioral-Cloning-P3/data/recovery/IMG/center_2017_02_12_16_58_27_148.jpg,,,-1,0,0,1.014567
/home/alex/SelfDriving/CarND-Behavioral-Cloning-P3/data/recovery/IMG/center_2017_02_12_16_58_27_216.jpg,,,-1,0,0,0.9988323
/home/alex/SelfDriving/CarND-Behavioral-Cloning-P3/data/recovery/IMG/center_2017_02_12_16_58_27_283.jpg,,,-1,0,0,0.9872853
/home/alex/SelfDriving/CarND-Behavioral-Cloning-P3/data/recovery/IMG/center_2017_02_12_16_58_27_350.jpg,,,-1,0,0,0.9759522
/home/alex/SelfDriving/CarND-Behavioral-Cloning-P3/data/recovery/IMG/center_2017_02_12_16_58_27_417.jpg,,,-1,0,0,0.9611709
/home/alex/SelfDriving/CarND-Behavioral-Cloning-P3/data/recovery/IMG/center_2017_02_12_16_58_27_487.jpg,,,-1,0,0,0.9503275
/home/alex/SelfDriving/CarND-Behavioral-Cloning-P3/data/recovery/IMG/center_2017_02_12_16_58_27_555.jpg,,,-1,0,0,0.9361873
/home/alex/SelfDriving/CarND-Behavioral-Cloning-P3/data/recovery/IMG/center_2017_02_12_16_58_27_624.jpg,,,-1,0,0,0.9258167
/home/alex/SelfDriving/CarND-Behavioral-Cloning-P3/data/recovery/IMG/center_2017_02_12_16_58_27_692.jpg,,,-1,0,0,0.9156442
/home/alex/SelfDriving/CarND-Behavioral-Cloning-P3/data/recovery/IMG/center_2017_02_12_16_58_27_760.jpg,,,-1,0,0,0.9023837
/home/alex/SelfDriving/CarND-Behavioral-Cloning-P3/data/recovery/IMG/center_2017_02_12_16_58_27_828.jpg,,,-1,0,0,0.8926623
/home/alex/SelfDriving/CarND-Behavioral-Cloning-P3/data/recovery/IMG/center_2017_02_12_16_58_27_897.jpg,,,-1,0,0,0.8799934
/home/alex/SelfDriving/CarND-Behavioral-Cloning-P3/data/recovery/IMG/center_2017_02_12_16_58_27_965.jpg,,,-1,0,0,0.8707079
/home/alex/SelfDriving/CarND-Behavioral-Cloning-P3/data/recovery/IMG/center_2017_02_12_16_58_28_032.jpg,,,-1,0,0,0.861605
/home/alex/SelfDriving/CarND-Behavioral-Cloning-P3/data/recovery/IMG/center_2017_02_12_16_58_28_100.jpg,,,0,0,0,0.8387692
/home/alex/SelfDriving/CarND-Behavioral-Cloning-P3/data/recovery/IMG/center_2017_02_12_16_58_28_168.jpg,,,0,0,0,0.8420944
/home/alex/SelfDriving/CarND-Behavioral-Cloning-P3/data/recovery/IMG/center_2017_02_12_16_58_28_235.jpg,,,0,0,0,0.8463972
/home/alex/SelfDriving/CarND-Behavioral-Cloning-P3/data/recovery/IMG/center_2017_02_12_16_58_28_305.jpg,,,0,0,0,0.8495902
/home/alex/SelfDriving/CarND-Behavioral-Cloning-P3/data/recovery/IMG/center_2017_02_12_16_58_28_372.jpg,,,0,0,0,0.8527599
/home/alex/SelfDriving/CarND-Behavioral-Cloning-P3/data/recovery/IMG/center_2017_02_12_16_58_28_440.jpg,,,0,0,0,0.8569508
/home/alex/SelfDriving/CarND-Behavioral-Cloning-P3/data/recovery/IMG/center_2017_02_12_16_58_28_507.jpg,,,0,0,0,0.860068
/home/alex/SelfDriving/CarND-Behavioral-Cloning-P3/data/recovery/IMG/center_2017_02_12_16_58_28_575.jpg,,,0,0.03218079,0,0.878498
/home/alex/SelfDriving/CarND-Behavioral-Cloning-P3/data/recovery/IMG/center_2017_02_12_16_58_28_644.jpg,,,0,0.2104411,0,0.7311157
/home/alex/SelfDriving/CarND-Behavioral-Cloning-P3/data/recovery/IMG/center_2017_02_12_16_58_28_711.jpg,,,0,0.3925288,0,0.5322622
/home/alex/SelfDriving/CarND-Behavioral-Cloning-P3/data/recovery/IMG/center_2017_02_12_16_58_28_779.jpg,,,0,0.6371763,0,0.05597734
/home/alex/SelfDriving/CarND-Behavioral-Cloning-P3/data/recovery/IMG/center_2017_02_12_16_58_28_848.jpg,,,0,0.8134496,0,0.4719419
/home/alex/SelfDriving/CarND-Behavioral-Cloning-P3/data/recovery/IMG/center_2017_02_12_16_58_28_915.jpg,,,0,1,0,1.268762
/home/alex/SelfDriving/CarND-Behavioral-Cloning-P3/data/recovery/IMG/center_2017_02_12_16_58_28_982.jpg,,,0,1,0,1.93335
/home/alex/SelfDriving/CarND-Behavioral-Cloning-P3/data/recovery/IMG/center_2017_02_12_16_58_29_051.jpg,,,0,1,0,2.560267
/home/alex/SelfDriving/CarND-Behavioral-Cloning-P3/data/recovery/IMG/center_2017_02_12_16_58_29_128.jpg,,,0,1,0,3.307463
/home/alex/SelfDriving/CarND-Behavioral-Cloning-P3/data/recovery/IMG/center_2017_02_12_16_58_56_740.jpg,,,-1,0,0,4.730443E-05
/home/alex/SelfDriving/CarND-Behavioral-Cloning-P3/data/recovery/IMG/center_2017_02_12_16_58_56_808.jpg,,,-1,0,0,4.596395E-05
/home/alex/SelfDriving/CarND-Behavioral-Cloning-P3/data/recovery/IMG/center_2017_02_12_16_58_56_876.jpg,,,-1,0,0,4.672736E-05
/home/alex/SelfDriving/CarND-Behavioral-Cloning-P3/data/recovery/IMG/center_2017_02_12_16_58_56_942.jpg,,,-1,0,0,4.604125E-05
/home/alex/SelfDriving/CarND-Behavioral-Cloning-P3/data/recovery/IMG/center_2017_02_12_16_58_57_010.jpg,,,-1,0,0,4.692475E-05
/home/alex/SelfDriving/CarND-Behavioral-Cloning-P3/data/recovery/IMG/center_2017_02_12_16_58_57_077.jpg,,,-1,0,0,4.625355E-05
/home/alex/SelfDriving/CarND-Behavioral-Cloning-P3/data/recovery/IMG/center_2017_02_12_16_58_57_146.jpg,,,-1,0,0,4.595322E-05
/home/alex/SelfDriving/CarND-Behavioral-Cloning-P3/data/recovery/IMG/center_2017_02_12_16_58_57_214.jpg,,,-1,0,0,4.660034E-05
/home/alex/SelfDriving/CarND-Behavioral-Cloning-P3/data/recovery/IMG/center_2017_02_12_16_58_57_281.jpg,,,-1,0,0,4.603732E-05
/home/alex/SelfDriving/CarND-Behavioral-Cloning-P3/data/recovery/IMG/center_2017_02_12_16_58_57_347.jpg,,,-1,0,0,4.627987E-05
/home/alex/SelfDriving/CarND-Behavioral-Cloning-P3/data/recovery/IMG/center_2017_02_12_16_58_57_414.jpg,,,-1,0,0,4.612246E-05
/home/alex/SelfDriving/CarND-Behavioral-Cloning-P3/data/recovery/IMG/center_2017_02_12_16_58_57_482.jpg,,,-1,0,0,4.646158E-05
/home/alex/SelfDriving/CarND-Behavioral-Cloning-P3/data/recovery/IMG/center_2017_02_12_16_58_57_550.jpg,,,-1,0,0,4.637895E-05
/home/alex/SelfDriving/CarND-Behavioral-Cloning-P3/data/recovery/IMG/center_2017_02_12_16_58_57_618.jpg,,,-1,0,0,4.819489E-05
/home/alex/SelfDriving/CarND-Behavioral-Cloning-P3/data/recovery/IMG/center_2017_02_12_16_58_57_685.jpg,,,-1,0,0,4.82427E-05
/home/alex/SelfDriving/CarND-Behavioral-Cloning-P3/data/recovery/IMG/center_2017_02_12_16_58_57_752.jpg,,,-1,0,0,4.667648E-05
/home/alex/SelfDriving/CarND-Behavioral-Cloning-P3/data/recovery/IMG/center_2017_02_12_16_58_57_820.jpg,,,-1,0,0,4.550098E-05
/home/alex/SelfDriving/CarND-Behavioral-Cloning-P3/data/recovery/IMG/center_2017_02_12_16_58_57_888.jpg,,,-1,0,0,4.650557E-05
/home/alex/SelfDriving/CarND-Behavioral-Cloning-P3/data/recovery/IMG/center_2017_02_12_16_58_57_955.jpg,,,-1,0,0,4.733085E-05
/home/alex/SelfDriving/CarND-Behavioral-Cloning-P3/data/recovery/IMG/center_2017_02_12_16_58_58_023.jpg,,,-1,0,0,4.652405E-05
/home/alex/SelfDriving/CarND-Behavioral-Cloning-P3/data/recovery/IMG/center_2017_02_12_16_58_58_091.jpg,,,-1,0,0,5.197459E-05
/home/alex/SelfDriving/CarND-Behavioral-Cloning-P3/data/recovery/IMG/center_2017_02_12_16_58_58_158.jpg,,,-1,0,0,4.730321E-05
/home/alex/SelfDriving/CarND-Behavioral-Cloning-P3/data/recovery/IMG/center_2017_02_12_16_58_58_225.jpg,,,-1,0,0,4.816169E-05
/home/alex/SelfDriving/CarND-Behavioral-Cloning-P3/data/recovery/IMG/center_2017_02_12_16_58_58_293.jpg,,,-1,0.1794484,0,0.1029544
/home/alex/SelfDriving/CarND-Behavioral-Cloning-P3/data/recovery/IMG/center_2017_02_12_16_58_58_361.jpg,,,-1,0.4218693,0,0.3901063
/home/alex/SelfDriving/CarND-Behavioral-Cloning-P3/data/recovery/IMG/center_2017_02_12_16_58_58_430.jpg,,,-1,0.6008248,0,0.7372547
/home/alex/SelfDriving/CarND-Behavioral-Cloning-P3/data/recovery/IMG/center_2017_02_12_16_58_58_499.jpg,,,-1,0.8390908,0,1.308113
/home/alex/SelfDriving/CarND-Behavioral-Cloning-P3/data/recovery/IMG/center_2017_02_12_16_58_58_568.jpg,,,-1,1,0,1.91787
/home/alex/SelfDriving/CarND-Behavioral-Cloning-P3/data/recovery/IMG/center_2017_02_12_16_58_58_637.jpg,,,-1,1,0,2.774528
/home/alex/SelfDriving/CarND-Behavioral-Cloning-P3/data/recovery/IMG/center_2017_02_12_16_58_58_704.jpg,,,-1,1,0,3.44627
/home/alex/SelfDriving/CarND-Behavioral-Cloning-P3/data/recovery/IMG/center_2017_02_12_16_58_58_773.jpg,,,-1,1,0,4.123287
/home/alex/SelfDriving/CarND-Behavioral-Cloning-P3/data/recovery/IMG/center_2017_02_12_16_58_58_839.jpg,,,-1,1,0,5.019351
/home/alex/SelfDriving/CarND-Behavioral-Cloning-P3/data/recovery/IMG/center_2017_02_12_16_58_58_906.jpg,,,-1,1,0,5.686057
/home/alex/SelfDriving/CarND-Behavioral-Cloning-P3/data/recovery/IMG/center_2017_02_12_16_58_58_974.jpg,,,-1,1,0,6.567743
/home/alex/SelfDriving/CarND-Behavioral-Cloning-P3/data/recovery/IMG/center_2017_02_12_16_58_59_042.jpg,,,-1,1,0,7.2241
/home/alex/SelfDriving/CarND-Behavioral-Cloning-P3/data/recovery/IMG/center_2017_02_12_16_58_59_111.jpg,,,-1,1,0,7.876589
/home/alex/SelfDriving/CarND-Behavioral-Cloning-P3/data/recovery/IMG/center_2017_02_12_16_58_59_179.jpg,,,-1,0.8944447,0,8.712288
/home/alex/SelfDriving/CarND-Behavioral-Cloning-P3/data/recovery/IMG/center_2017_02_12_16_58_59_246.jpg,,,0,0.707356,0,9.083917
/home/alex/SelfDriving/CarND-Behavioral-Cloning-P3/data/recovery/IMG/center_2017_02_12_16_58_59_315.jpg,,,0,0.4744208,0,9.508138
/home/alex/SelfDriving/CarND-Behavioral-Cloning-P3/data/recovery/IMG/center_2017_02_12_16_58_59_383.jpg,,,0,0.2967606,0,9.717913
/home/alex/SelfDriving/CarND-Behavioral-Cloning-P3/data/recovery/IMG/center_2017_02_12_16_58_59_453.jpg,,,0,0.09890795,0,9.797893
/home/alex/SelfDriving/CarND-Behavioral-Cloning-P3/data/recovery/IMG/center_2017_02_12_16_58_59_520.jpg,,,0,0,0,9.74117
/home/alex/SelfDriving/CarND-Behavioral-Cloning-P3/data/recovery/IMG/center_2017_02_12_16_58_59_587.jpg,,,0,0,0,9.683257
/home/alex/SelfDriving/CarND-Behavioral-Cloning-P3/data/recovery/IMG/center_2017_02_12_16_58_59_655.jpg,,,0,0,0,9.606251
/home/alex/SelfDriving/CarND-Behavioral-Cloning-P3/data/recovery/IMG/center_2017_02_12_16_58_59_724.jpg,,,0,0,0,9.548538
/home/alex/SelfDriving/CarND-Behavioral-Cloning-P3/data/recovery/IMG/center_2017_02_12_16_58_59_791.jpg,,,0,0,0,9.491128
/home/alex/SelfDriving/CarND-Behavioral-Cloning-P3/data/recovery/IMG/center_2017_02_12_16_58_59_860.jpg,,,0,0,0,9.415118
/home/alex/SelfDriving/CarND-Behavioral-Cloning-P3/data/recovery/IMG/center_2017_02_12_16_58_59_928.jpg,,,0,0,0,9.358512
/home/alex/SelfDriving/CarND-Behavioral-Cloning-P3/data/recovery/IMG/center_2017_02_12_16_59_00_000.jpg,,,0,0,0,9.001989
/home/alex/SelfDriving/CarND-Behavioral-Cloning-P3/data/recovery/IMG/center_2017_02_12_16_59_11_697.jpg,,,-1,0,0,9.241041E-05
/home/alex/SelfDriving/CarND-Behavioral-Cloning-P3/data/recovery/IMG/center_2017_02_12_16_59_11_764.jpg,,,-1,0,0,9.205219E-05
/home/alex/SelfDriving/CarND-Behavioral-Cloning-P3/data/recovery/IMG/center_2017_02_12_16_59_11_832.jpg,,,-1,0,0,9.216112E-05
/home/alex/SelfDriving/CarND-Behavioral-Cloning-P3/data/recovery/IMG/center_2017_02_12_16_59_11_900.jpg,,,-1,0,0,9.249499E-05
/home/alex/SelfDriving/CarND-Behavioral-Cloning-P3/data/recovery/IMG/center_2017_02_12_16_59_11_967.jpg,,,-1,0,0,9.165814E-05
/home/alex/SelfDriving/CarND-Behavioral-Cloning-P3/data/recovery/IMG/center_2017_02_12_16_59_12_036.jpg,,,-1,0,0,9.224939E-05
/home/alex/SelfDriving/CarND-Behavioral-Cloning-P3/data/recovery/IMG/center_2017_02_12_16_59_12_104.jpg,,,-1,0,0,9.677278E-05
/home/alex/SelfDriving/CarND-Behavioral-Cloning-P3/data/recovery/IMG/center_2017_02_12_16_59_12_172.jpg,,,-1,0,0,9.153972E-05
/home/alex/SelfDriving/CarND-Behavioral-Cloning-P3/data/recovery/IMG/center_2017_02_12_16_59_12_239.jpg,,,-1,0,0,9.263793E-05
/home/alex/SelfDriving/CarND-Behavioral-Cloning-P3/data/recovery/IMG/center_2017_02_12_16_59_12_307.jpg,,,-1,0,0,9.204721E-05
/home/alex/SelfDriving/CarND-Behavioral-Cloning-P3/data/recovery/IMG/center_2017_02_12_16_59_12_375.jpg,,,-1,0,0,0.0001014597
/home/alex/SelfDriving/CarND-Behavioral-Cloning-P3/data/recovery/IMG/center_2017_02_12_16_59_12_442.jpg,,,-1,0,0,9.463455E-05
/home/alex/SelfDriving/CarND-Behavioral-Cloning-P3/data/recovery/IMG/center_2017_02_12_16_59_12_509.jpg,,,-1,0,0,9.148786E-05
/home/alex/SelfDriving/CarND-Behavioral-Cloning-P3/data/recovery/IMG/center_2017_02_12_16_59_12_578.jpg,,,-1,0,0,9.185028E-05
/home/alex/SelfDriving/CarND-Behavioral-Cloning-P3/data/recovery/IMG/center_2017_02_12_16_59_12_646.jpg,,,-1,0,0,9.357465E-05
/home/alex/SelfDriving/CarND-Behavioral-Cloning-P3/data/recovery/IMG/center_2017_02_12_16_59_12_714.jpg,,,-1,0,0,9.353282E-05
/home/alex/SelfDriving/CarND-Behavioral-Cloning-P3/data/recovery/IMG/center_2017_02_12_16_59_12_781.jpg,,,-1,0,0,9.381324E-05
/home/alex/SelfDriving/CarND-Behavioral-Cloning-P3/data/recovery/IMG/center_2017_02_12_16_59_12_848.jpg,,,-1,0,0,9.274634E-05
/home/alex/SelfDriving/CarND-Behavioral-Cloning-P3/data/recovery/IMG/center_2017_02_12_16_59_12_915.jpg,,,-1,0,0,9.161401E-05
/home/alex/SelfDriving/CarND-Behavioral-Cloning-P3/data/recovery/IMG/center_2017_02_12_16_59_12_982.jpg,,,-1,0,0,9.220387E-05
/home/alex/SelfDriving/CarND-Behavioral-Cloning-P3/data/recovery/IMG/center_2017_02_12_16_59_13_049.jpg,,,-1,0,0,9.171144E-05
/home/alex/SelfDriving/CarND-Behavioral-Cloning-P3/data/recovery/IMG/center_2017_02_12_16_59_13_117.jpg,,,-1,0,0,9.276934E-05
/home/alex/SelfDriving/CarND-Behavioral-Cloning-P3/data/recovery/IMG/center_2017_02_12_16_59_13_185.jpg,,,-1,0,0,9.144368E-05
/home/alex/SelfDriving/CarND-Behavioral-Cloning-P3/data/recovery/IMG/center_2017_02_12_16_59_13_257.jpg,,,-1,0,0,9.242063E-05
/home/alex/SelfDriving/CarND-Behavioral-Cloning-P3/data/recovery/IMG/center_2017_02_12_16_59_13_324.jpg,,,-1,0,0,9.159477E-05
/home/alex/SelfDriving/CarND-Behavioral-Cloning-P3/data/recovery/IMG/center_2017_02_12_16_59_13_391.jpg,,,-1,0,0,9.332051E-05
/home/alex/SelfDriving/CarND-Behavioral-Cloning-P3/data/recovery/IMG/center_2017_02_12_16_59_13_465.jpg,,,-1,0,0,9.256083E-05
/home/alex/SelfDriving/CarND-Behavioral-Cloning-P3/data/recovery/IMG/center_2017_02_12_16_59_13_532.jpg,,,-1,0,0,9.257959E-05
/home/alex/SelfDriving/CarND-Behavioral-Cloning-P3/data/recovery/IMG/center_2017_02_12_16_59_13_601.jpg,,,-1,0,0,9.167533E-05
/home/alex/SelfDriving/CarND-Behavioral-Cloning-P3/data/recovery/IMG/center_2017_02_12_16_59_13_668.jpg,,,-1,0,0,9.51813E-05
/home/alex/SelfDriving/CarND-Behavioral-Cloning-P3/data/recovery/IMG/center_2017_02_12_16_59_13_737.jpg,,,-1,0,0,9.171422E-05
/home/alex/SelfDriving/CarND-Behavioral-Cloning-P3/data/recovery/IMG/center_2017_02_12_16_59_13_805.jpg,,,-1,0,0,9.302016E-05
/home/alex/SelfDriving/CarND-Behavioral-Cloning-P3/data/recovery/IMG/center_2017_02_12_16_59_13_872.jpg,,,-1,0,0,9.250233E-05
/home/alex/SelfDriving/CarND-Behavioral-Cloning-P3/data/recovery/IMG/center_2017_02_12_16_59_13_940.jpg,,,-1,0,0,9.261881E-05
/home/alex/SelfDriving/CarND-Behavioral-Cloning-P3/data/recovery/IMG/center_2017_02_12_16_59_14_007.jpg,,,-1,0,0,9.236656E-05
/home/alex/SelfDriving/CarND-Behavioral-Cloning-P3/data/recovery/IMG/center_2017_02_12_16_59_14_074.jpg,,,-1,0,0,9.399588E-05
/home/alex/SelfDriving/CarND-Behavioral-Cloning-P3/data/recovery/IMG/center_2017_02_12_16_59_14_141.jpg,,,-1,0,0,9.241901E-05
/home/alex/SelfDriving/CarND-Behavioral-Cloning-P3/data/recovery/IMG/center_2017_02_12_16_59_14_209.jpg,,,-1,0,0,9.197871E-05
/home/alex/SelfDriving/CarND-Behavioral-Cloning-P3/data/recovery/IMG/center_2017_02_12_16_59_14_277.jpg,,,-1,0,0,9.203717E-05
/home/alex/SelfDriving/CarND-Behavioral-Cloning-P3/data/recovery/IMG/center_2017_02_12_16_59_14_344.jpg,,,-1,0,0,9.312626E-05
/home/alex/SelfDriving/CarND-Behavioral-Cloning-P3/data/recovery/IMG/center_2017_02_12_16_59_14_412.jpg,,,-1,0,0,9.308118E-05
/home/alex/SelfDriving/CarND-Behavioral-Cloning-P3/data/recovery/IMG/center_2017_02_12_16_59_14_480.jpg,,,-1,0,0,9.106206E-05
/home/alex/SelfDriving/CarND-Behavioral-Cloning-P3/data/recovery/IMG/center_2017_02_12_16_59_14_556.jpg,,,-1,0,0,9.188751E-05
/home/alex/SelfDriving/CarND-Behavioral-Cloning-P3/data/recovery/IMG/center_2017_02_12_16_59_14_624.jpg,,,-1,0,0,9.577291E-05
/home/alex/SelfDriving/CarND-Behavioral-Cloning-P3/data/recovery/IMG/center_2017_02_12_16_59_14_691.jpg,,,-1,0,0,9.307322E-05
/home/alex/SelfDriving/CarND-Behavioral-Cloning-P3/data/recovery/IMG/center_2017_02_12_16_59_14_759.jpg,,,-1,0,0,9.661282E-05
/home/alex/SelfDriving/CarND-Behavioral-Cloning-P3/data/recovery/IMG/center_2017_02_12_16_59_14_826.jpg,,,-1,0,0,9.185693E-05
/home/alex/SelfDriving/CarND-Behavioral-Cloning-P3/data/recovery/IMG/center_2017_02_12_16_59_14_894.jpg,,,-1,0,0,9.23593E-05
/home/alex/SelfDriving/CarND-Behavioral-Cloning-P3/data/recovery/IMG/center_2017_02_12_16_59_14_961.jpg,,,-1,0,0,9.240289E-05
/home/alex/SelfDriving/CarND-Behavioral-Cloning-P3/data/recovery/IMG/center_2017_02_12_16_59_15_027.jpg,,,-1,0,0,9.149435E-05
/home/alex/SelfDriving/CarND-Behavioral-Cloning-P3/data/recovery/IMG/center_2017_02_12_16_59_15_096.jpg,,,-1,0,0,9.214519E-05
/home/alex/SelfDriving/CarND-Behavioral-Cloning-P3/data/recovery/IMG/center_2017_02_12_16_59_15_163.jpg,,,-1,0,0,9.273062E-05
/home/alex/SelfDriving/CarND-Behavioral-Cloning-P3/data/recovery/IMG/center_2017_02_12_16_59_15_231.jpg,,,-1,0,0,9.302034E-05
/home/alex/SelfDriving/CarND-Behavioral-Cloning-P3/data/recovery/IMG/center_2017_02_12_16_59_15_298.jpg,,,-1,0,0,9.206838E-05
/home/alex/SelfDriving/CarND-Behavioral-Cloning-P3/data/recovery/IMG/center_2017_02_12_16_59_15_365.jpg,,,-1,0,0,9.20263E-05
/home/alex/SelfDriving/CarND-Behavioral-Cloning-P3/data/recovery/IMG/center_2017_02_12_16_59_15_432.jpg,,,-1,0,0,9.31875E-05
/home/alex/SelfDriving/CarND-Behavioral-Cloning-P3/data/recovery/IMG/center_2017_02_12_16_59_15_499.jpg,,,-1,0,0,9.250506E-05
/home/alex/SelfDriving/CarND-Behavioral-Cloning-P3/data/recovery/IMG/center_2017_02_12_16_59_15_567.jpg,,,-1,0,0,9.226602E-05
/home/alex/SelfDriving/CarND-Behavioral-Cloning-P3/data/recovery/IMG/center_2017_02_12_16_59_15_635.jpg,,,-1,0,0,9.166463E-05
/home/alex/SelfDriving/CarND-Behavioral-Cloning-P3/data/recovery/IMG/center_2017_02_12_16_59_15_703.jpg,,,-1,0,0,9.257079E-05
/home/alex/SelfDriving/CarND-Behavioral-Cloning-P3/data/recovery/IMG/center_2017_02_12_16_59_15_770.jpg,,,-1,0.08034611,0,0.01671136
/home/alex/SelfDriving/CarND-Behavioral-Cloning-P3/data/recovery/IMG/center_2017_02_12_16_59_15_837.jpg,,,-1,0.3225839,0,0.2272708
/home/alex/SelfDriving/CarND-Behavioral-Cloning-P3/data/recovery/IMG/center_2017_02_12_16_59_15_906.jpg,,,-1,0.4997821,0,0.5461741
/home/alex/SelfDriving/CarND-Behavioral-Cloning-P3/data/recovery/IMG/center_2017_02_12_16_59_15_973.jpg,,,-1,0.6791103,0,0.8674926
/home/alex/SelfDriving/CarND-Behavioral-Cloning-P3/data/recovery/IMG/center_2017_02_12_16_59_16_041.jpg,,,-1,0.9255846,0,1.65816
/home/alex/SelfDriving/CarND-Behavioral-Cloning-P3/data/recovery/IMG/center_2017_02_12_16_59_16_108.jpg,,,-1,1,0,2.287605
/home/alex/SelfDriving/CarND-Behavioral-Cloning-P3/data/recovery/IMG/center_2017_02_12_16_59_16_177.jpg,,,-1,1,0,3.181803
/home/alex/SelfDriving/CarND-Behavioral-Cloning-P3/data/recovery/IMG/center_2017_02_12_16_59_16_245.jpg,,,-1,1,0,3.861306
/home/alex/SelfDriving/CarND-Behavioral-Cloning-P3/data/recovery/IMG/center_2017_02_12_16_59_16_314.jpg,,,-1,1,0,4.760798
/home/alex/SelfDriving/CarND-Behavioral-Cloning-P3/data/recovery/IMG/center_2017_02_12_16_59_16_381.jpg,,,-1,1,0,5.430184
/home/alex/SelfDriving/CarND-Behavioral-Cloning-P3/data/recovery/IMG/center_2017_02_12_16_59_16_448.jpg,,,-1,1,0,6.095453
/home/alex/SelfDriving/CarND-Behavioral-Cloning-P3/data/recovery/IMG/center_2017_02_12_16_59_16_517.jpg,,,-1,1,0,6.975953
/home/alex/SelfDriving/CarND-Behavioral-Cloning-P3/data/recovery/IMG/center_2017_02_12_16_59_16_587.jpg,,,-1,1,0,7.632026
/home/alex/SelfDriving/CarND-Behavioral-Cloning-P3/data/recovery/IMG/center_2017_02_12_16_59_16_655.jpg,,,-1,1,0,8.501317
/home/alex/SelfDriving/CarND-Behavioral-Cloning-P3/data/recovery/IMG/center_2017_02_12_16_59_16_724.jpg,,,-1,1,0,9.147902
/home/alex/SelfDriving/CarND-Behavioral-Cloning-P3/data/recovery/IMG/center_2017_02_12_16_59_16_791.jpg,,,-1,1,0,9.788771
/home/alex/SelfDriving/CarND-Behavioral-Cloning-P3/data/recovery/IMG/center_2017_02_12_16_59_16_859.jpg,,,-1,1,0,10.63761
/home/alex/SelfDriving/CarND-Behavioral-Cloning-P3/data/recovery/IMG/center_2017_02_12_16_59_16_926.jpg,,,0,1,0,11.18682
/home/alex/SelfDriving/CarND-Behavioral-Cloning-P3/data/recovery/IMG/center_2017_02_12_16_59_16_995.jpg,,,0,1,0,12.00405
/home/alex/SelfDriving/CarND-Behavioral-Cloning-P3/data/recovery/IMG/center_2017_02_12_16_59_17_063.jpg,,,0,1,0,12.29757
/home/alex/SelfDriving/CarND-Behavioral-Cloning-P3/data/recovery/IMG/center_2017_02_12_16_59_17_131.jpg,,,0,1,0,13.19747
/home/alex/SelfDriving/CarND-Behavioral-Cloning-P3/data/recovery/IMG/center_2017_02_12_16_59_17_199.jpg,,,0,1,0,14.18946
/home/alex/SelfDriving/CarND-Behavioral-Cloning-P3/data/recovery/IMG/center_2017_02_12_16_59_17_266.jpg,,,0,1,0,14.56838
/home/alex/SelfDriving/CarND-Behavioral-Cloning-P3/data/recovery/IMG/center_2017_02_12_16_59_17_333.jpg,,,0,1,0,15.47499
/home/alex/SelfDriving/CarND-Behavioral-Cloning-P3/data/recovery/IMG/center_2017_02_12_16_59_17_400.jpg,,,0,0.9929476,0,16.31527
/home/alex/SelfDriving/CarND-Behavioral-Cloning-P3/data/recovery/IMG/center_2017_02_12_16_59_17_469.jpg,,,0,0.817471,0,16.61127
/home/alex/SelfDriving/CarND-Behavioral-Cloning-P3/data/recovery/IMG/center_2017_02_12_16_59_17_537.jpg,,,0,0.5755665,0,17.11871
/home/alex/SelfDriving/CarND-Behavioral-Cloning-P3/data/recovery/IMG/center_2017_02_12_16_59_17_605.jpg,,,0,0.3961003,0,17.7085
/home/alex/SelfDriving/CarND-Behavioral-Cloning-P3/data/recovery/IMG/center_2017_02_12_16_59_17_673.jpg,,,0,0.2181854,0,17.42336
/home/alex/SelfDriving/CarND-Behavioral-Cloning-P3/data/recovery/IMG/center_2017_02_12_16_59_17_740.jpg,,,0,0,0,17.32898
/home/alex/SelfDriving/CarND-Behavioral-Cloning-P3/data/recovery/IMG/center_2017_02_12_16_59_17_814.jpg,,,0,0,0,17.39075
/home/alex/SelfDriving/CarND-Behavioral-Cloning-P3/data/recovery/IMG/center_2017_02_12_16_59_28_081.jpg,,,-1,0,0,8.343645E-05
/home/alex/SelfDriving/CarND-Behavioral-Cloning-P3/data/recovery/IMG/center_2017_02_12_16_59_28_149.jpg,,,-1,0,0,8.269649E-05
/home/alex/SelfDriving/CarND-Behavioral-Cloning-P3/data/recovery/IMG/center_2017_02_12_16_59_28_218.jpg,,,-1,0,0,8.185601E-05
/home/alex/SelfDriving/CarND-Behavioral-Cloning-P3/data/recovery/IMG/center_2017_02_12_16_59_28_287.jpg,,,-1,0,0,8.28402E-05
/home/alex/SelfDriving/CarND-Behavioral-Cloning-P3/data/recovery/IMG/center_2017_02_12_16_59_28_355.jpg,,,-1,0,0,8.276835E-05
/home/alex/SelfDriving/CarND-Behavioral-Cloning-P3/data/recovery/IMG/center_2017_02_12_16_59_28_423.jpg,,,-1,0,0,8.912537E-05
/home/alex/SelfDriving/CarND-Behavioral-Cloning-P3/data/recovery/IMG/center_2017_02_12_16_59_28_491.jpg,,,-1,0,0,8.263875E-05
/home/alex/SelfDriving/CarND-Behavioral-Cloning-P3/data/recovery/IMG/center_2017_02_12_16_59_28_560.jpg,,,-1,0,0,8.273272E-05
/home/alex/SelfDriving/CarND-Behavioral-Cloning-P3/data/recovery/IMG/center_2017_02_12_16_59_28_627.jpg,,,-1,0,0,8.248784E-05
/home/alex/SelfDriving/CarND-Behavioral-Cloning-P3/data/recovery/IMG/center_2017_02_12_16_59_28_695.jpg,,,-1,0,0,8.200132E-05
/home/alex/SelfDriving/CarND-Behavioral-Cloning-P3/data/recovery/IMG/center_2017_02_12_16_59_28_762.jpg,,,-1,0,0,8.244902E-05
/home/alex/SelfDriving/CarND-Behavioral-Cloning-P3/data/recovery/IMG/center_2017_02_12_16_59_28_830.jpg,,,-1,0,0,8.19054E-05
/home/alex/SelfDriving/CarND-Behavioral-Cloning-P3/data/recovery/IMG/center_2017_02_12_16_59_28_898.jpg,,,-1,0,0,8.163528E-05
/home/alex/SelfDriving/CarND-Behavioral-Cloning-P3/data/recovery/IMG/center_2017_02_12_16_59_28_964.jpg,,,-1,0,0,8.225436E-05
/home/alex/SelfDriving/CarND-Behavioral-Cloning-P3/data/recovery/IMG/center_2017_02_12_16_59_29_033.jpg,,,-1,0,0,8.298573E-05
/home/alex/SelfDriving/CarND-Behavioral-Cloning-P3/data/recovery/IMG/center_2017_02_12_16_59_29_100.jpg,,,-1,0,0,8.35669E-05
/home/alex/SelfDriving/CarND-Behavioral-Cloning-P3/data/recovery/IMG/center_2017_02_12_16_59_29_169.jpg,,,-1,0,0,8.254604E-05
/home/alex/SelfDriving/CarND-Behavioral-Cloning-P3/data/recovery/IMG/center_2017_02_12_16_59_29_236.jpg,,,-1,0,0,8.149066E-05
/home/alex/SelfDriving/CarND-Behavioral-Cloning-P3/data/recovery/IMG/center_2017_02_12_16_59_29_303.jpg,,,-1,0,0,8.192575E-05
/home/alex/SelfDriving/CarND-Behavioral-Cloning-P3/data/recovery/IMG/center_2017_02_12_16_59_29_371.jpg,,,-1,0,0,8.222234E-05
/home/alex/SelfDriving/CarND-Behavioral-Cloning-P3/data/recovery/IMG/center_2017_02_12_16_59_29_439.jpg,,,-1,0,0,8.463861E-05
/home/alex/SelfDriving/CarND-Behavioral-Cloning-P3/data/recovery/IMG/center_2017_02_12_16_59_29_507.jpg,,,-1,0,0,8.173559E-05
/home/alex/SelfDriving/CarND-Behavioral-Cloning-P3/data/recovery/IMG/center_2017_02_12_16_59_29_576.jpg,,,-1,0,0,8.220538E-05
/home/alex/SelfDriving/CarND-Behavioral-Cloning-P3/data/recovery/IMG/center_2017_02_12_16_59_29_644.jpg,,,-1,0,0,8.307771E-05
/home/alex/SelfDriving/CarND-Behavioral-Cloning-P3/data/recovery/IMG/center_2017_02_12_16_59_29_711.jpg,,,-1,0,0,8.236264E-05
/home/alex/SelfDriving/CarND-Behavioral-Cloning-P3/data/recovery/IMG/center_2017_02_12_16_59_29_779.jpg,,,-1,0,0,8.297154E-05
/home/alex/SelfDriving/CarND-Behavioral-Cloning-P3/data/recovery/IMG/center_2017_02_12_16_59_29_847.jpg,,,-1,0.09080458,0,0.0157856
/home/alex/SelfDriving/CarND-Behavioral-Cloning-P3/data/recovery/IMG/center_2017_02_12_16_59_29_916.jpg,,,-1,0.3342605,0,0.2603246
/home/alex/SelfDriving/CarND-Behavioral-Cloning-P3/data/recovery/IMG/center_2017_02_12_16_59_29_983.jpg,,,-1,0.5128319,0,0.5308485
/home/alex/SelfDriving/CarND-Behavioral-Cloning-P3/data/recovery/IMG/center_2017_02_12_16_59_30_051.jpg,,,-1,0.6953909,0,0.9011174
/home/alex/SelfDriving/CarND-Behavioral-Cloning-P3/data/recovery/IMG/center_2017_02_12_16_59_30_120.jpg,,,-1,0.9313953,0,1.716022
/home/alex/SelfDriving/CarND-Behavioral-Cloning-P3/data/recovery/IMG/center_2017_02_12_16_59_30_187.jpg,,,-1,1,0,2.413127
/home/alex/SelfDriving/CarND-Behavioral-Cloning-P3/data/recovery/IMG/center_2017_02_12_16_59_30_254.jpg,,,-1,1,0,3.318136
/home/alex/SelfDriving/CarND-Behavioral-Cloning-P3/data/recovery/IMG/center_2017_02_12_16_59_30_321.jpg,,,-1,1,0,3.997583
/home/alex/SelfDriving/CarND-Behavioral-Cloning-P3/data/recovery/IMG/center_2017_02_12_16_59_30_389.jpg,,,-1,1,0,4.672571
/home/alex/SelfDriving/CarND-Behavioral-Cloning-P3/data/recovery/IMG/center_2017_02_12_16_59_30_457.jpg,,,-1,1,0,5.565453
/home/alex/SelfDriving/CarND-Behavioral-Cloning-P3/data/recovery/IMG/center_2017_02_12_16_59_30_525.jpg,,,-1,1,0,6.230578
/home/alex/SelfDriving/CarND-Behavioral-Cloning-P3/data/recovery/IMG/center_2017_02_12_16_59_30_592.jpg,,,-1,1,0,6.891525
/home/alex/SelfDriving/CarND-Behavioral-Cloning-P3/data/recovery/IMG/center_2017_02_12_16_59_30_661.jpg,,,-1,1,0,7.763428
/home/alex/SelfDriving/CarND-Behavioral-Cloning-P3/data/recovery/IMG/center_2017_02_12_16_59_30_730.jpg,,,-1,1,0,8.412738
/home/alex/SelfDriving/CarND-Behavioral-Cloning-P3/data/recovery/IMG/center_2017_02_12_16_59_30_797.jpg,,,-1,1,0,9.272662
/home/alex/SelfDriving/CarND-Behavioral-Cloning-P3/data/recovery/IMG/center_2017_02_12_16_59_30_865.jpg,,,-1,1,0,9.913276
/home/alex/SelfDriving/CarND-Behavioral-Cloning-P3/data/recovery/IMG/center_2017_02_12_16_59_30_932.jpg,,,0,1,0,10.51455
/home/alex/SelfDriving/CarND-Behavioral-Cloning-P3/data/recovery/IMG/center_2017_02_12_16_59_30_999.jpg,,,0,1,0,11.23021
/home/alex/SelfDriving/CarND-Behavioral-Cloning-P3/data/recovery/IMG/center_2017_02_12_16_59_31_067.jpg,,,0,1,0,11.69255
/home/alex/SelfDriving/CarND-Behavioral-Cloning-P3/data/recovery/IMG/center_2017_02_12_16_59_31_137.jpg,,,0,1,0,12.6065
/home/alex/SelfDriving/CarND-Behavioral-Cloning-P3/data/recovery/IMG/center_2017_02_12_16_59_31_205.jpg,,,0,1,0,13.48069
/home/alex/SelfDriving/CarND-Behavioral-Cloning-P3/data/recovery/IMG/center_2017_02_12_16_59_31_272.jpg,,,0,0.8993471,0,13.90515
/home/alex/SelfDriving/CarND-Behavioral-Cloning-P3/data/recovery/IMG/center_2017_02_12_16_59_31_340.jpg,,,0,0.6508329,0,14.54407
/home/alex/SelfDriving/CarND-Behavioral-Cloning-P3/data/recovery/IMG/center_2017_02_12_16_59_31_407.jpg,,,0,0.4787052,0,15.12201
/home/alex/SelfDriving/CarND-Behavioral-Cloning-P3/data/recovery/IMG/center_2017_02_12_16_59_31_476.jpg,,,0,0.2348888,0,15.34535
/home/alex/SelfDriving/CarND-Behavioral-Cloning-P3/data/recovery/IMG/center_2017_02_12_16_59_31_550.jpg,,,0,0.06112599,0,14.87323
/home/alex/SelfDriving/CarND-Behavioral-Cloning-P3/data/recovery/IMG/center_2017_02_12_16_59_38_936.jpg,,,-1,0,0,0.0002607812
/home/alex/SelfDriving/CarND-Behavioral-Cloning-P3/data/recovery/IMG/center_2017_02_12_16_59_39_005.jpg,,,-1,0,0,0.0001492557
/home/alex/SelfDriving/CarND-Behavioral-Cloning-P3/data/recovery/IMG/center_2017_02_12_16_59_39_072.jpg,,,-1,0,0,0.0001138449
/home/alex/SelfDriving/CarND-Behavioral-Cloning-P3/data/recovery/IMG/center_2017_02_12_16_59_39_143.jpg,,,-1,0,0,0.00011787
/home/alex/SelfDriving/CarND-Behavioral-Cloning-P3/data/recovery/IMG/center_2017_02_12_16_59_39_210.jpg,,,-1,0,0,0.0001219556
/home/alex/SelfDriving/CarND-Behavioral-Cloning-P3/data/recovery/IMG/center_2017_02_12_16_59_39_279.jpg,,,-1,0,0,0.0001207029
/home/alex/SelfDriving/CarND-Behavioral-Cloning-P3/data/recovery/IMG/center_2017_02_12_16_59_39_346.jpg,,,-1,0,0,0.0001210623
/home/alex/SelfDriving/CarND-Behavioral-Cloning-P3/data/recovery/IMG/center_2017_02_12_16_59_39_415.jpg,,,-1,0,0,0.000120343
/home/alex/SelfDriving/CarND-Behavioral-Cloning-P3/data/recovery/IMG/center_2017_02_12_16_59_39_482.jpg,,,-1,0,0,0.0001207273
/home/alex/SelfDriving/CarND-Behavioral-Cloning-P3/data/recovery/IMG/center_2017_02_12_16_59_39_552.jpg,,,-1,0,0,0.0001199896
/home/alex/SelfDriving/CarND-Behavioral-Cloning-P3/data/recovery/IMG/center_2017_02_12_16_59_39_619.jpg,,,-1,0,0,0.0001201439
/home/alex/SelfDriving/CarND-Behavioral-Cloning-P3/data/recovery/IMG/center_2017_02_12_16_59_39_686.jpg,,,-1,0,0,0.0001200629
/home/alex/SelfDriving/CarND-Behavioral-Cloning-P3/data/recovery/IMG/center_2017_02_12_16_59_39_755.jpg,,,-1,0,0,0.000122174
/home/alex/SelfDriving/CarND-Behavioral-Cloning-P3/data/recovery/IMG/center_2017_02_12_16_59_39_822.jpg,,,-1,0,0,0.000120036
/home/alex/SelfDriving/CarND-Behavioral-Cloning-P3/data/recovery/IMG/center_2017_02_12_16_59_39_889.jpg,,,-1,0,0,0.0001195876
/home/alex/SelfDriving/CarND-Behavioral-Cloning-P3/data/recovery/IMG/center_2017_02_12_16_59_39_956.jpg,,,-1,0,0,0.0001191941
/home/alex/SelfDriving/CarND-Behavioral-Cloning-P3/data/recovery/IMG/center_2017_02_12_16_59_40_023.jpg,,,-1,0,0,0.0001198187
/home/alex/SelfDriving/CarND-Behavioral-Cloning-P3/data/recovery/IMG/center_2017_02_12_16_59_40_090.jpg,,,-1,0,0,0.0001207528
/home/alex/SelfDriving/CarND-Behavioral-Cloning-P3/data/recovery/IMG/center_2017_02_12_16_59_40_159.jpg,,,-1,0,0,0.0001197598
/home/alex/SelfDriving/CarND-Behavioral-Cloning-P3/data/recovery/IMG/center_2017_02_12_16_59_40_226.jpg,,,-1,0,0,0.0001206202
/home/alex/SelfDriving/CarND-Behavioral-Cloning-P3/data/recovery/IMG/center_2017_02_12_16_59_40_293.jpg,,,-1,0,0,0.0001208469
/home/alex/SelfDriving/CarND-Behavioral-Cloning-P3/data/recovery/IMG/center_2017_02_12_16_59_40_361.jpg,,,-1,0,0,0.0001197955
/home/alex/SelfDriving/CarND-Behavioral-Cloning-P3/data/recovery/IMG/center_2017_02_12_16_59_40_428.jpg,,,-1,0,0,0.0001215078
/home/alex/SelfDriving/CarND-Behavioral-Cloning-P3/data/recovery/IMG/center_2017_02_12_16_59_40_497.jpg,,,-1,0,0,0.0001201632
/home/alex/SelfDriving/CarND-Behavioral-Cloning-P3/data/recovery/IMG/center_2017_02_12_16_59_40_565.jpg,,,-1,0,0,0.0001200464
/home/alex/SelfDriving/CarND-Behavioral-Cloning-P3/data/recovery/IMG/center_2017_02_12_16_59_40_632.jpg,,,-1,0,0,0.0001207413
/home/alex/SelfDriving/CarND-Behavioral-Cloning-P3/data/recovery/IMG/center_2017_02_12_16_59_40_700.jpg,,,-1,0,0,0.0001194395
/home/alex/SelfDriving/CarND-Behavioral-Cloning-P3/data/recovery/IMG/center_2017_02_12_16_59_40_769.jpg,,,-1,0,0,0.0001196917
/home/alex/SelfDriving/CarND-Behavioral-Cloning-P3/data/recovery/IMG/center_2017_02_12_16_59_40_836.jpg,,,-1,0.09942627,0,0.02822942
/home/alex/SelfDriving/CarND-Behavioral-Cloning-P3/data/recovery/IMG/center_2017_02_12_16_59_40_903.jpg,,,-1,0.2787123,0,0.1900241
/home/alex/SelfDriving/CarND-Behavioral-Cloning-P3/data/recovery/IMG/center_2017_02_12_16_59_40_972.jpg,,,-1,0.1149688,0,0.2776771
/home/alex/SelfDriving/CarND-Behavioral-Cloning-P3/data/recovery/IMG/center_2017_02_12_16_59_41_040.jpg,,,-1,0,0,0.3047322
/home/alex/SelfDriving/CarND-Behavioral-Cloning-P3/data/recovery/IMG/center_2017_02_12_16_59_41_107.jpg,,,-1,0,0,0.3014404
/home/alex/SelfDriving/CarND-Behavioral-Cloning-P3/data/recovery/IMG/center_2017_02_12_16_59_41_175.jpg,,,-1,0,0,0.297153
/home/alex/SelfDriving/CarND-Behavioral-Cloning-P3/data/recovery/IMG/center_2017_02_12_16_59_41_242.jpg,,,-1,0,0,0.2940238
/home/alex/SelfDriving/CarND-Behavioral-Cloning-P3/data/recovery/IMG/center_2017_02_12_16_59_41_310.jpg,,,-1,0,0,0.2909681
/home/alex/SelfDriving/CarND-Behavioral-Cloning-P3/data/recovery/IMG/center_2017_02_12_16_59_41_378.jpg,,,-1,0,0,0.2870054
/home/alex/SelfDriving/CarND-Behavioral-Cloning-P3/data/recovery/IMG/center_2017_02_12_16_59_41_447.jpg,,,-1,0.1727314,0,0.3706634
/home/alex/SelfDriving/CarND-Behavioral-Cloning-P3/data/recovery/IMG/center_2017_02_12_16_59_41_515.jpg,,,-1,0.2387223,0,0.6372985
/home/alex/SelfDriving/CarND-Behavioral-Cloning-P3/data/recovery/IMG/center_2017_02_12_16_59_41_582.jpg,,,-1,0.05674767,0,0.6883461
/home/alex/SelfDriving/CarND-Behavioral-Cloning-P3/data/recovery/IMG/center_2017_02_12_16_59_41_651.jpg,,,-1,0,0,0.6765769
/home/alex/SelfDriving/CarND-Behavioral-Cloning-P3/data/recovery/IMG/center_2017_02_12_16_59_41_718.jpg,,,-1,0,0,0.6669776
/home/alex/SelfDriving/CarND-Behavioral-Cloning-P3/data/recovery/IMG/center_2017_02_12_16_59_41_785.jpg,,,-1,0,0,0.6600853
/home/alex/SelfDriving/CarND-Behavioral-Cloning-P3/data/recovery/IMG/center_2017_02_12_16_59_41_853.jpg,,,-1,0,0,0.6533466
/home/alex/SelfDriving/CarND-Behavioral-Cloning-P3/data/recovery/IMG/center_2017_02_12_16_59_41_919.jpg,,,-1,0,0,0.6445967
/home/alex/SelfDriving/CarND-Behavioral-Cloning-P3/data/recovery/IMG/center_2017_02_12_16_59_41_987.jpg,,,-1,0.1221514,0,0.6760536
/home/alex/SelfDriving/CarND-Behavioral-Cloning-P3/data/recovery/IMG/center_2017_02_12_16_59_42_055.jpg,,,-1,0.3224888,0,0.895411
/home/alex/SelfDriving/CarND-Behavioral-Cloning-P3/data/recovery/IMG/center_2017_02_12_16_59_42_123.jpg,,,-1,0.1432807,0,1.030667
/home/alex/SelfDriving/CarND-Behavioral-Cloning-P3/data/recovery/IMG/center_2017_02_12_16_59_42_191.jpg,,,-1,0,0,1.061899
/home/alex/SelfDriving/CarND-Behavioral-Cloning-P3/data/recovery/IMG/center_2017_02_12_16_59_42_259.jpg,,,-1,0,0,1.048307
/home/alex/SelfDriving/CarND-Behavioral-Cloning-P3/data/recovery/IMG/center_2017_02_12_16_59_42_328.jpg,,,-1,0,0,1.03833
/home/alex/SelfDriving/CarND-Behavioral-Cloning-P3/data/recovery/IMG/center_2017_02_12_16_59_42_395.jpg,,,-1,0,0,1.025368
/home/alex/SelfDriving/CarND-Behavioral-Cloning-P3/data/recovery/IMG/center_2017_02_12_16_59_42_463.jpg,,,-1,0.1495321,0,1.082461
/home/alex/SelfDriving/CarND-Behavioral-Cloning-P3/data/recovery/IMG/center_2017_02_12_16_59_42_532.jpg,,,-1,0.2566881,0,1.277995
/home/alex/SelfDriving/CarND-Behavioral-Cloning-P3/data/recovery/IMG/center_2017_02_12_16_59_42_600.jpg,,,-1,0.02183318,0,1.346969
/home/alex/SelfDriving/CarND-Behavioral-Cloning-P3/data/recovery/IMG/center_2017_02_12_16_59_42_669.jpg,,,-1,0,0,1.323117
/home/alex/SelfDriving/CarND-Behavioral-Cloning-P3/data/recovery/IMG/center_2017_02_12_16_59_42_738.jpg,,,-1,0,0,1.307616
/home/alex/SelfDriving/CarND-Behavioral-Cloning-P3/data/recovery/IMG/center_2017_02_12_16_59_42_805.jpg,,,-1,0,0,1.296265
/home/alex/SelfDriving/CarND-Behavioral-Cloning-P3/data/recovery/IMG/center_2017_02_12_16_59_42_873.jpg,,,-1,0,0,1.285173
/home/alex/SelfDriving/CarND-Behavioral-Cloning-P3/data/recovery/IMG/center_2017_02_12_16_59_42_940.jpg,,,-1,0.2269585,0,1.387244
/home/alex/SelfDriving/CarND-Behavioral-Cloning-P3/data/recovery/IMG/center_2017_02_12_16_59_43_008.jpg,,,-1,0.1999226,0,1.545281
/home/alex/SelfDriving/CarND-Behavioral-Cloning-P3/data/recovery/IMG/center_2017_02_12_16_59_43_078.jpg,,,-1,0,0,1.60681
/home/alex/SelfDriving/CarND-Behavioral-Cloning-P3/data/recovery/IMG/center_2017_02_12_16_59_43_145.jpg,,,-1,0,0,1.594178
/home/alex/SelfDriving/CarND-Behavioral-Cloning-P3/data/recovery/IMG/center_2017_02_12_16_59_43_212.jpg,,,-1,0,0,1.581377
/home/alex/SelfDriving/CarND-Behavioral-Cloning-P3/data/recovery/IMG/center_2017_02_12_16_59_43_280.jpg,,,-1,0,0,1.564737
/home/alex/SelfDriving/CarND-Behavioral-Cloning-P3/data/recovery/IMG/center_2017_02_12_16_59_43_348.jpg,,,-1,0.1240475,0,1.59181
/home/alex/SelfDriving/CarND-Behavioral-Cloning-P3/data/recovery/IMG/center_2017_02_12_16_59_43_417.jpg,,,-1,0.3585784,0,1.827116
/home/alex/SelfDriving/CarND-Behavioral-Cloning-P3/data/recovery/IMG/center_2017_02_12_16_59_43_486.jpg,,,-1,0.291559,0,2.032591
/home/alex/SelfDriving/CarND-Behavioral-Cloning-P3/data/recovery/IMG/center_2017_02_12_16_59_43_555.jpg,,,-1,0.05308914,0,2.154485
/home/alex/SelfDriving/CarND-Behavioral-Cloning-P3/data/recovery/IMG/center_2017_02_12_16_59_43_624.jpg,,,-1,0,0,2.163835
/home/alex/SelfDriving/CarND-Behavioral-Cloning-P3/data/recovery/IMG/center_2017_02_12_16_59_43_692.jpg,,,-1,0,0,2.145904
/home/alex/SelfDriving/CarND-Behavioral-Cloning-P3/data/recovery/IMG/center_2017_02_12_16_59_43_760.jpg,,,-1,0,0,2.12168
/home/alex/SelfDriving/CarND-Behavioral-Cloning-P3/data/recovery/IMG/center_2017_02_12_16_59_43_829.jpg,,,-1,0.0961225,0,2.155758
/home/alex/SelfDriving/CarND-Behavioral-Cloning-P3/data/recovery/IMG/center_2017_02_12_16_59_43_896.jpg,,,-1,0.3379827,0,2.323352
/home/alex/SelfDriving/CarND-Behavioral-Cloning-P3/data/recovery/IMG/center_2017_02_12_16_59_43_963.jpg,,,-1,0.2187653,0,2.493602
/home/alex/SelfDriving/CarND-Behavioral-Cloning-P3/data/recovery/IMG/center_2017_02_12_16_59_44_030.jpg,,,-1,0.03942204,0,2.578929
/home/alex/SelfDriving/CarND-Behavioral-Cloning-P3/data/recovery/IMG/center_2017_02_12_16_59_44_099.jpg,,,-1,0,0,2.546822
/home/alex/SelfDriving/CarND-Behavioral-Cloning-P3/data/recovery/IMG/center_2017_02_12_16_59_44_165.jpg,,,-1,0,0,2.526949
/home/alex/SelfDriving/CarND-Behavioral-Cloning-P3/data/recovery/IMG/center_2017_02_12_16_59_44_232.jpg,,,-1,0,0,2.507455
/home/alex/SelfDriving/CarND-Behavioral-Cloning-P3/data/recovery/IMG/center_2017_02_12_16_59_44_302.jpg,,,-1,0.1205764,0,2.523556
/home/alex/SelfDriving/CarND-Behavioral-Cloning-P3/data/recovery/IMG/center_2017_02_12_16_59_44_371.jpg,,,-1,0.3063869,0,2.659598
/home/alex/SelfDriving/CarND-Behavioral-Cloning-P3/data/recovery/IMG/center_2017_02_12_16_59_44_439.jpg,,,-1,0.2787988,0,2.95593
/home/alex/SelfDriving/CarND-Behavioral-Cloning-P3/data/recovery/IMG/center_2017_02_12_16_59_44_507.jpg,,,-1,0.1032901,0,3.060953
/home/alex/SelfDriving/CarND-Behavioral-Cloning-P3/data/recovery/IMG/center_2017_02_12_16_59_44_577.jpg,,,-1,0,0,3.04777
/home/alex/SelfDriving/CarND-Behavioral-Cloning-P3/data/recovery/IMG/center_2017_02_12_16_59_44_645.jpg,,,-1,0,0,3.022871
/home/alex/SelfDriving/CarND-Behavioral-Cloning-P3/data/recovery/IMG/center_2017_02_12_16_59_44_712.jpg,,,-1,0,0,2.998327
/home/alex/SelfDriving/CarND-Behavioral-Cloning-P3/data/recovery/IMG/center_2017_02_12_16_59_44_781.jpg,,,-1,0.1795349,0,3.046599
/home/alex/SelfDriving/CarND-Behavioral-Cloning-P3/data/recovery/IMG/center_2017_02_12_16_59_44_849.jpg,,,-1,0.3618114,0,3.226981
/home/alex/SelfDriving/CarND-Behavioral-Cloning-P3/data/recovery/IMG/center_2017_02_12_16_59_44_919.jpg,,,-1,0.2348492,0,3.502477
/home/alex/SelfDriving/CarND-Behavioral-Cloning-P3/data/recovery/IMG/center_2017_02_12_16_59_44_986.jpg,,,-1,0.05649662,0,3.579892
/home/alex/SelfDriving/CarND-Behavioral-Cloning-P3/data/recovery/IMG/center_2017_02_12_16_59_45_055.jpg,,,-1,0,0,3.535977
/home/alex/SelfDriving/CarND-Behavioral-Cloning-P3/data/recovery/IMG/center_2017_02_12_16_59_45_123.jpg,,,0,0,0,3.41596
/home/alex/SelfDriving/CarND-Behavioral-Cloning-P3/data/recovery/IMG/center_2017_02_12_16_59_45_190.jpg,,,0,0,0,3.393105
/home/alex/SelfDriving/CarND-Behavioral-Cloning-P3/data/recovery/IMG/center_2017_02_12_16_59_45_257.jpg,,,0,0,0,3.368013
/home/alex/SelfDriving/CarND-Behavioral-Cloning-P3/data/recovery/IMG/center_2017_02_12_16_59_45_324.jpg,,,0,0,0,3.349461
/home/alex/SelfDriving/CarND-Behavioral-Cloning-P3/data/recovery/IMG/center_2017_02_12_16_59_45_392.jpg,,,0,0,0,3.331029
/home/alex/SelfDriving/CarND-Behavioral-Cloning-P3/data/recovery/IMG/center_2017_02_12_16_59_45_461.jpg,,,0,0,0,3.306629
/home/alex/SelfDriving/CarND-Behavioral-Cloning-P3/data/recovery/IMG/center_2017_02_12_16_59_45_529.jpg,,,0,0,0,3.288459
/home/alex/SelfDriving/CarND-Behavioral-Cloning-P3/data/recovery/IMG/center_2017_02_12_16_59_45_598.jpg,,,0,0,0,3.263892
/home/alex/SelfDriving/CarND-Behavioral-Cloning-P3/data/recovery/IMG/center_2017_02_12_16_59_45_665.jpg,,,0,0,0,3.2456
/home/alex/SelfDriving/CarND-Behavioral-Cloning-P3/data/recovery/IMG/center_2017_02_12_16_59_45_732.jpg,,,0,0,0,3.227419
/home/alex/SelfDriving/CarND-Behavioral-Cloning-P3/data/recovery/IMG/center_2017_02_12_16_59_45_799.jpg,,,0,0,0,3.203348
/home/alex/SelfDriving/CarND-Behavioral-Cloning-P3/data/recovery/IMG/center_2017_02_12_16_59_45_867.jpg,,,0,0,0,3.185421
/home/alex/SelfDriving/CarND-Behavioral-Cloning-P3/data/recovery/IMG/center_2017_02_12_16_59_45_936.jpg,,,0,0,0,3.161652
/home/alex/SelfDriving/CarND-Behavioral-Cloning-P3/data/recovery/IMG/center_2017_02_12_16_59_46_011.jpg,,,0,0,0,2.860999
